symbol;short_name;currency;exchange;market
AED=X;USD/AED;AED;CCY;ccy_market
AEDAUD=X;AED/AUD;AUD;CCY;ccy_market
AEDBRX=X;AED/BRX;;CCY;ccy_market
AEDCAD=X;AED/CAD;CAD;CCY;ccy_market
AEDCHF=X;AED/CHF;CHF;CCY;ccy_market
AEDEUR=X;AED/EUR;EUR;CCY;ccy_market
AEDGBP=X;AED/GBP;GBP;CCY;ccy_market
AEDHKD=X;AED/HKD;HKD;CCY;ccy_market
AEDINR=X;AED/INR;INR;CCY;ccy_market
AEDJPY=X;AED/JPY;JPY;CCY;ccy_market
AEDKRW=X;AED/KRW;KRW;CCY;ccy_market
AEDKWD=X;AED/KWD;KWD;CCY;ccy_market
AEDLKR=X;AED/LKR;LKR;CCY;ccy_market
AEDMAD=X;AED/MAD;MAD;CCY;ccy_market
AEDMUR=X;AED/MUR;MUR;CCY;ccy_market
AEDMYX=X;AED/MYX;;CCY;ccy_market
AEDNOK=X;AED/NOK;NOK;CCY;ccy_market
AEDNZD=X;AED/NZD;NZD;CCY;ccy_market
AEDOMR=X;AED/OMR;OMR;CCY;ccy_market
AEDPKR=X;AED/PKR;PKR;CCY;ccy_market
AEDQAR=X;AED/QAR;QAR;CCY;ccy_market
AEDSAR=X;AED/SAR;SAR;CCY;ccy_market
AEDSEK=X;AED/SEK;SEK;CCY;ccy_market
AEDSGD=X;AED/SGD;SGD;CCY;ccy_market
AEDTHX=X;AED/THX;;CCY;ccy_market
AEDTRY=X;AED/TRY;TRY;CCY;ccy_market
AEDUSD=X;AED/USD;USD;CCY;ccy_market
AEDXDR=X;AED/XDR;;CCY;ccy_market
AEDZAR=X;AED/ZAR;ZAR;CCY;ccy_market
AFN=X;USD/AFN;AFN;CCY;ccy_market
AFNBRX=X;AFN/BRX;;CCY;ccy_market
AFNUSD=X;AFN/USD;USD;CCY;ccy_market
ALL=X;USD/ALL;ALL;CCY;ccy_market
ALLBRX=X;ALL/BRX;;CCY;ccy_market
ALLUSD=X;ALL/USD;USD;CCY;ccy_market
AMD=X;USD/AMD;AMD;CCY;ccy_market
AMDBRX=X;AMD/BRX;;CCY;ccy_market
AMDRUX=X;AMD/RUX;;CCY;ccy_market
ANG=X;USD/ANG;ANG;CCY;ccy_market
ANGBRX=X;ANG/BRX;;CCY;ccy_market
ANGEUR=X;ANG/EUR;EUR;CCY;ccy_market
ANGSRD=X;ANG/SRD;;CCY;ccy_market
ANGUSD=X;ANG/USD;USD;CCY;ccy_market
ANGZAR=X;ANG/ZAR;ZAR;CCY;ccy_market
AOA=X;USD/AOA;AOA;CCY;ccy_market
AOABRX=X;AOA/BRX;;CCY;ccy_market
AOAUSD=X;AOA/USD;USD;CCY;ccy_market
ARS=X;USD/ARS;ARS;CCY;ccy_market
ARSBRL=X;ARS/BRL;BRL;CCY;ccy_market
ARSBRX=X;ARS/BRX;;CCY;ccy_market
ARSEUR=X;ARS/EUR;EUR;CCY;ccy_market
ARSGBP=X;ARS/GBP;GBP;CCY;ccy_market
ARSJPY=X;ARS/JPY;JPY;CCY;ccy_market
ARSUSD=X;ARS/USD;USD;CCY;ccy_market
ARSXCU=X;ARS/XCU;;CCY;ccy_market
AUD=X;USD/AUD;AUD;CCY;ccy_market
AUDAED=X;AUD/AED;AED;CCY;ccy_market
AUDANG=X;AUD/ANG;ANG;CCY;ccy_market
AUDARS=X;AUD/ARS;ARS;CCY;ccy_market
AUDAWG=X;AUD/AWG;AWG;CCY;ccy_market
AUDBAM=X;AUD/BAM;BAM;CCY;ccy_market
AUDBBD=X;AUD/BBD;BBD;CCY;ccy_market
AUDBHD=X;AUD/BHD;BHD;CCY;ccy_market
AUDBMD=X;AUD/BMD;BMD;CCY;ccy_market
AUDBOB=X;AUD/BOB;BOB;CCY;ccy_market
AUDBRL=X;AUD/BRL;BRL;CCY;ccy_market
AUDBRX=X;AUD/BRX;;CCY;ccy_market
AUDBSD=X;AUD/BSD;BSD;CCY;ccy_market
AUDBWP=X;AUD/BWP;BWP;CCY;ccy_market
AUDBZD=X;AUD/BZD;BZD;CCY;ccy_market
AUDCAD=X;AUD/CAD;CAD;CCY;ccy_market
AUDCAX=X;AUD/CAX;;CCY;ccy_market
AUDCHF=X;AUD/CHF;CHF;CCY;ccy_market
AUDCLP=X;AUD/CLP;CLP;CCY;ccy_market
AUDCNH=X;AUD/CNH;;CCY;ccy_market
AUDCNY=X;AUD/CNY;CNY;CCY;ccy_market
AUDCOP=X;AUD/COP;COP;CCY;ccy_market
AUDCRC=X;AUD/CRC;CRC;CCY;ccy_market
AUDCZK=X;AUD/CZK;CZK;CCY;ccy_market
AUDCZX=X;AUD/CZX;;CCY;ccy_market
AUDDKK=X;AUD/DKK;DKK;CCY;ccy_market
AUDDKX=X;AUD/DKX;;CCY;ccy_market
AUDDOP=X;AUD/DOP;DOP;CCY;ccy_market
AUDEGP=X;AUD/EGP;EGP;CCY;ccy_market
AUDERN=X;AUD/ERN;ERN;CCY;ccy_market
AUDEUR=X;AUD/EUR;EUR;CCY;ccy_market
AUDFJD=X;AUD/FJD;FJD;CCY;ccy_market
AUDGBP=X;AUD/GBP;GBP;CCY;ccy_market
AUDGHS=X;AUD/GHS;;CCY;ccy_market
AUDGIP=X;AUD/GIP;GIP;CCY;ccy_market
AUDGTQ=X;AUD/GTQ;GTQ;CCY;ccy_market
AUDHKD=X;AUD/HKD;HKD;CCY;ccy_market
AUDHNL=X;AUD/HNL;HNL;CCY;ccy_market
AUDHRK=X;AUD/HRK;HRK;CCY;ccy_market
AUDHRX=X;AUD/HRX;;CCY;ccy_market
AUDHUF=X;AUD/HUF;HUF;CCY;ccy_market
AUDHUX=X;AUD/HUX;;CCY;ccy_market
AUDIDR=X;AUD/IDR;IDR;CCY;ccy_market
AUDILS=X;AUD/ILS;ILS;CCY;ccy_market
AUDINR=X;AUD/INR;INR;CCY;ccy_market
AUDISK=X;AUD/ISK;ISK;CCY;ccy_market
AUDJMD=X;AUD/JMD;JMD;CCY;ccy_market
AUDJOD=X;AUD/JOD;JOD;CCY;ccy_market
AUDJPY=X;AUD/JPY;JPY;CCY;ccy_market
AUDKES=X;AUD/KES;KES;CCY;ccy_market
AUDKRW=X;AUD/KRW;KRW;CCY;ccy_market
AUDKWD=X;AUD/KWD;KWD;CCY;ccy_market
AUDKYD=X;AUD/KYD;KYD;CCY;ccy_market
AUDLKR=X;AUD/LKR;LKR;CCY;ccy_market
AUDMAD=X;AUD/MAD;MAD;CCY;ccy_market
AUDMGA=X;AUD/MGA;;CCY;ccy_market
AUDMXN=X;AUD/MXN;MXN;CCY;ccy_market
AUDMYR=X;AUD/MYR;MYR;CCY;ccy_market
AUDMYX=X;AUD/MYX;;CCY;ccy_market
AUDNGN=X;AUD/NGN;;CCY;ccy_market
AUDNOK=X;AUD/NOK;NOK;CCY;ccy_market
AUDNZD=X;AUD/NZD;NZD;CCY;ccy_market
AUDOMR=X;AUD/OMR;OMR;CCY;ccy_market
AUDPEN=X;AUD/PEN;PEN;CCY;ccy_market
AUDPGK=X;AUD/PGK;;CCY;ccy_market
AUDPHP=X;AUD/PHP;PHP;CCY;ccy_market
AUDPKR=X;AUD/PKR;PKR;CCY;ccy_market
AUDPLN=X;AUD/PLN;PLN;CCY;ccy_market
AUDPLX=X;AUD/PLX;;CCY;ccy_market
AUDPYG=X;AUD/PYG;PYG;CCY;ccy_market
AUDQAR=X;AUD/QAR;QAR;CCY;ccy_market
AUDRSD=X;AUD/RSD;;CCY;ccy_market
AUDRUB=X;AUD/RUB;RUB;CCY;ccy_market
AUDRUX=X;AUD/RUX;;CCY;ccy_market
AUDSAR=X;AUD/SAR;SAR;CCY;ccy_market
AUDSCR=X;AUD/SCR;SCR;CCY;ccy_market
AUDSEK=X;AUD/SEK;SEK;CCY;ccy_market
AUDSGD=X;AUD/SGD;SGD;CCY;ccy_market
AUDSVC=X;AUD/SVC;SVC;CCY;ccy_market
AUDSYP=X;AUD/SYP;SYP;CCY;ccy_market
AUDTHB=X;AUD/THB;THB;CCY;ccy_market
AUDTHX=X;AUD/THX;;CCY;ccy_market
AUDTJS=X;AUD/TJS;TJS;CCY;ccy_market
AUDTMT=X;AUD/TMT;;CCY;ccy_market
AUDTND=X;AUD/TND;TND;CCY;ccy_market
AUDTRY=X;AUD/TRY;TRY;CCY;ccy_market
AUDTTD=X;AUD/TTD;TTD;CCY;ccy_market
AUDTWD=X;AUD/TWD;TWD;CCY;ccy_market
AUDUSD=X;AUD/USD;USD;CCY;ccy_market
AUDUYU=X;AUD/UYU;UYU;CCY;ccy_market
AUDVES=X;AUD/VES;;CCY;ccy_market
AUDXCD=X;AUD/XCD;XCD;CCY;ccy_market
AUDXCU=X;AUD/XCU;;CCY;ccy_market
AUDXDR=X;AUD/XDR;;CCY;ccy_market
AUDXPF=X;AUD/XPF;XPF;CCY;ccy_market
AUDZAR=X;AUD/ZAR;ZAR;CCY;ccy_market
AUXCAD=X;AUX/CAD;;CCY;ccy_market
AUXCHF=X;AUX/CHF;;CCY;ccy_market
AUXCNY=X;AUX/CNY;;CCY;ccy_market
AUXEUR=X;AUX/EUR;;CCY;ccy_market
AUXGBP=X;;;;
AUXHKD=X;AUX/HKD;;CCY;ccy_market
AUXIDR=X;AUX/IDR;;CCY;ccy_market
AUXINR=X;AUX/INR;;CCY;ccy_market
AUXJPY=X;AUX/JPY;;CCY;ccy_market
AUXKRW=X;AUX/KRW;;CCY;ccy_market
AUXMYR=X;AUX/MYR;;CCY;ccy_market
AUXNZD=X;AUX/NZD;;CCY;ccy_market
AUXPGK=X;AUX/PGK;;CCY;ccy_market
AUXSGD=X;AUX/SGD;;CCY;ccy_market
AUXTHB=X;AUX/THB;;CCY;ccy_market
AUXTWD=X;AUX/TWD;;CCY;ccy_market
AUXTWI=X;AUX/TWI;;CCY;ccy_market
AUXUSD=X;;;;
AUXVND=X;AUX/VND;;CCY;ccy_market
AUXXDR=X;AUX/XDR;;CCY;ccy_market
AWG=X;USD/AWG;AWG;CCY;ccy_market
AWGBRX=X;AWG/BRX;;CCY;ccy_market
AWGUSD=X;AWG/USD;USD;CCY;ccy_market
AZN=X;USD/AZN;AZN;CCY;ccy_market
AZNRUX=X;AZN/RUX;;CCY;ccy_market
BAM=X;USD/BAM;BAM;CCY;ccy_market
BAMHRX=X;BAM/HRX;;CCY;ccy_market
BAMRSD=X;BAM/RSD;;CCY;ccy_market
BBD=X;USD/BBD;BBD;CCY;ccy_market
BBDBRX=X;BBD/BRX;;CCY;ccy_market
BBDGBP=X;BBD/GBP;GBP;CCY;ccy_market
BBDUSD=X;BBD/USD;USD;CCY;ccy_market
BDT=X;USD/BDT;BDT;CCY;ccy_market
BDTBRX=X;BDT/BRX;;CCY;ccy_market
BDTCAD=X;BDT/CAD;CAD;CCY;ccy_market
BDTCHF=X;BDT/CHF;CHF;CCY;ccy_market
BDTEUR=X;BDT/EUR;EUR;CCY;ccy_market
BDTGBP=X;BDT/GBP;GBP;CCY;ccy_market
BDTHKD=X;BDT/HKD;HKD;CCY;ccy_market
BDTJPY=X;BDT/JPY;JPY;CCY;ccy_market
BDTSGD=X;BDT/SGD;SGD;CCY;ccy_market
BDTTHX=X;BDT/THX;;CCY;ccy_market
BDTUSD=X;BDT/USD;USD;CCY;ccy_market
BGN=X;USD/BGN;BGN;CCY;ccy_market
BGNBRX=X;BGN/BRX;;CCY;ccy_market
BGNCHF=X;BGN/CHF;CHF;CCY;ccy_market
BGNCZX=X;BGN/CZX;;CCY;ccy_market
BGNDKX=X;BGN/DKX;;CCY;ccy_market
BGNEUR=X;BGN/EUR;EUR;CCY;ccy_market
BGNGBP=X;BGN/GBP;GBP;CCY;ccy_market
BGNHUX=X;BGN/HUX;;CCY;ccy_market
BGNPLX=X;BGN/PLX;;CCY;ccy_market
BGNRSD=X;BGN/RSD;;CCY;ccy_market
BGNRUX=X;BGN/RUX;;CCY;ccy_market
BGNUSD=X;BGN/USD;USD;CCY;ccy_market
BHD=X;USD/BHD;BHD;CCY;ccy_market
BHDBRX=X;BHD/BRX;;CCY;ccy_market
BHDCHF=X;BHD/CHF;CHF;CCY;ccy_market
BHDEUR=X;BHD/EUR;EUR;CCY;ccy_market
BHDGBP=X;BHD/GBP;GBP;CCY;ccy_market
BHDHKD=X;BHD/HKD;HKD;CCY;ccy_market
BHDJPY=X;BHD/JPY;JPY;CCY;ccy_market
BHDNZD=X;BHD/NZD;NZD;CCY;ccy_market
BHDOMR=X;BHD/OMR;OMR;CCY;ccy_market
BHDPKR=X;BHD/PKR;PKR;CCY;ccy_market
BHDQAR=X;BHD/QAR;QAR;CCY;ccy_market
BHDSGD=X;BHD/SGD;SGD;CCY;ccy_market
BHDTHX=X;BHD/THX;;CCY;ccy_market
BHDUSD=X;BHD/USD;USD;CCY;ccy_market
BIF=X;USD/BIF;BIF;CCY;ccy_market
BIFBRX=X;BIF/BRX;;CCY;ccy_market
BIFUSD=X;BIF/USD;USD;CCY;ccy_market
BMD=X;USD/BMD;BMD;CCY;ccy_market
BMDBRX=X;BMD/BRX;;CCY;ccy_market
BMDEUR=X;BMD/EUR;EUR;CCY;ccy_market
BMDGBP=X;BMD/GBP;GBP;CCY;ccy_market
BMDUSD=X;BMD/USD;USD;CCY;ccy_market
BND=X;USD/BND;BND;CCY;ccy_market
BNDBRX=X;BND/BRX;;CCY;ccy_market
BNDMYX=X;BND/MYX;;CCY;ccy_market
BNDTHX=X;BND/THX;;CCY;ccy_market
BNDUSD=X;BND/USD;USD;CCY;ccy_market
BNDXDR=X;BND/XDR;;CCY;ccy_market
BOB=X;USD/BOB;BOB;CCY;ccy_market
BOBBRL=X;BOB/BRL;BRL;CCY;ccy_market
BOBBRX=X;BOB/BRX;;CCY;ccy_market
BOBUSD=X;BOB/USD;USD;CCY;ccy_market
BRL=X;USD/BRL;BRL;CCY;ccy_market
BRLARS=X;BRL/ARS;ARS;CCY;ccy_market
BRLAUD=X;BRL/AUD;AUD;CCY;ccy_market
BRLBOB=X;BRL/BOB;BOB;CCY;ccy_market
BRLCAX=X;BRL/CAX;;CCY;ccy_market
BRLCHF=X;BRL/CHF;CHF;CCY;ccy_market
BRLCLP=X;BRL/CLP;CLP;CCY;ccy_market
BRLCNY=X;BRL/CNY;CNY;CCY;ccy_market
BRLCOP=X;BRL/COP;COP;CCY;ccy_market
BRLCZX=X;BRL/CZX;;CCY;ccy_market
BRLDKK=X;BRL/DKK;DKK;CCY;ccy_market
BRLDKX=X;BRL/DKX;;CCY;ccy_market
BRLEUR=X;BRL/EUR;EUR;CCY;ccy_market
BRLGBP=X;BRL/GBP;GBP;CCY;ccy_market
BRLHKD=X;BRL/HKD;HKD;CCY;ccy_market
BRLHUX=X;BRL/HUX;;CCY;ccy_market
BRLIDR=X;BRL/IDR;IDR;CCY;ccy_market
BRLILS=X;BRL/ILS;ILS;CCY;ccy_market
BRLINR=X;BRL/INR;INR;CCY;ccy_market
BRLJPY=X;BRL/JPY;JPY;CCY;ccy_market
BRLKRW=X;BRL/KRW;KRW;CCY;ccy_market
BRLMXN=X;BRL/MXN;MXN;CCY;ccy_market
BRLMYR=X;BRL/MYR;MYR;CCY;ccy_market
BRLNGN=X;BRL/NGN;;CCY;ccy_market
BRLNOK=X;BRL/NOK;NOK;CCY;ccy_market
BRLNZD=X;BRL/NZD;NZD;CCY;ccy_market
BRLPLX=X;BRL/PLX;;CCY;ccy_market
BRLRUB=X;BRL/RUB;RUB;CCY;ccy_market
BRLRUX=X;BRL/RUX;;CCY;ccy_market
BRLSEK=X;BRL/SEK;SEK;CCY;ccy_market
BRLSGD=X;BRL/SGD;SGD;CCY;ccy_market
BRLTWD=X;BRL/TWD;;CCY;ccy_market
BRLUSD=X;BRL/USD;USD;CCY;ccy_market
BRLVES=X;BRL/VES;;CCY;ccy_market
BRLXCU=X;BRL/XCU;;CCY;ccy_market
BRLXDR=X;BRL/XDR;;CCY;ccy_market
BRLZAR=X;BRL/ZAR;ZAR;CCY;ccy_market
BRX=X;USD/BRX;BRX;CCY;ccy_market
BSD=X;USD/BSD;BSD;CCY;ccy_market
BSDBRX=X;BSD/BRX;;CCY;ccy_market
BSDUSD=X;BSD/USD;USD;CCY;ccy_market
BTN=X;USD/BTN;BTN;CCY;ccy_market
BTNBRX=X;BTN/BRX;;CCY;ccy_market
BTNUSD=X;BTN/USD;USD;CCY;ccy_market
BWP=X;USD/BWP;BWP;CCY;ccy_market
BWPAUD=X;BWP/AUD;AUD;CCY;ccy_market
BWPBRX=X;BWP/BRX;;CCY;ccy_market
BWPCAD=X;BWP/CAD;CAD;CCY;ccy_market
BWPCNY=X;BWP/CNY;CNY;CCY;ccy_market
BWPEUR=X;BWP/EUR;EUR;CCY;ccy_market
BWPGBP=X;BWP/GBP;GBP;CCY;ccy_market
BWPIDR=X;BWP/IDR;IDR;CCY;ccy_market
BWPINR=X;BWP/INR;INR;CCY;ccy_market
BWPJPY=X;BWP/JPY;JPY;CCY;ccy_market
BWPKRW=X;BWP/KRW;KRW;CCY;ccy_market
BWPUSD=X;BWP/USD;USD;CCY;ccy_market
BWPXDR=X;BWP/XDR;;CCY;ccy_market
BWPZAR=X;BWP/ZAR;ZAR;CCY;ccy_market
BYN=X;USD/BYN;BYN;CCY;ccy_market
BYNBRX=X;BYN/BRX;;CCY;ccy_market
BYNRUX=X;BYN/RUX;;CCY;ccy_market
BZD=X;USD/BZD;BZD;CCY;ccy_market
BZDBRX=X;BZD/BRX;;CCY;ccy_market
BZDUSD=X;BZD/USD;USD;CCY;ccy_market
CAD=X;USD/CAD;CAD;CCY;ccy_market
CADAED=X;CAD/AED;AED;CCY;ccy_market
CADAFN=X;CAD/AFN;;CCY;ccy_market
CADALL=X;CAD/ALL;ALL;CCY;ccy_market
CADAMD=X;CAD/AMD;AMD;CCY;ccy_market
CADANG=X;CAD/ANG;ANG;CCY;ccy_market
CADAOA=X;CAD/AOA;AOA;CCY;ccy_market
CADARS=X;CAD/ARS;ARS;CCY;ccy_market
CADAUD=X;CAD/AUD;AUD;CCY;ccy_market
CADAWG=X;CAD/AWG;AWG;CCY;ccy_market
CADAZN=X;CAD/AZN;;CCY;ccy_market
CADBAM=X;CAD/BAM;BAM;CCY;ccy_market
CADBBD=X;CAD/BBD;BBD;CCY;ccy_market
CADBDT=X;CAD/BDT;BDT;CCY;ccy_market
CADBGN=X;CAD/BGN;BGN;CCY;ccy_market
CADBHD=X;CAD/BHD;BHD;CCY;ccy_market
CADBIF=X;CAD/BIF;BIF;CCY;ccy_market
CADBMD=X;CAD/BMD;BMD;CCY;ccy_market
CADBND=X;CAD/BND;BND;CCY;ccy_market
CADBOB=X;CAD/BOB;BOB;CCY;ccy_market
CADBRL=X;CAD/BRL;BRL;CCY;ccy_market
CADBRX=X;CAD/BRX;;CCY;ccy_market
CADBSD=X;CAD/BSD;BSD;CCY;ccy_market
CADBTN=X;CAD/BTN;BTN;CCY;ccy_market
CADBWP=X;CAD/BWP;BWP;CCY;ccy_market
CADBYN=X;CAD/BYN;;CCY;ccy_market
CADBZD=X;CAD/BZD;BZD;CCY;ccy_market
CADCDF=X;CAD/CDF;CDF;CCY;ccy_market
CADCHF=X;CAD/CHF;CHF;CCY;ccy_market
CADCLP=X;CAD/CLP;CLP;CCY;ccy_market
CADCNH=X;CAD/CNH;;CCY;ccy_market
CADCNY=X;CAD/CNY;CNY;CCY;ccy_market
CADCOP=X;CAD/COP;COP;CCY;ccy_market
CADCRC=X;CAD/CRC;CRC;CCY;ccy_market
CADCUP=X;CAD/CUP;CUP;CCY;ccy_market
CADCVE=X;CAD/CVE;CVE;CCY;ccy_market
CADCZK=X;CAD/CZK;CZK;CCY;ccy_market
CADCZX=X;CAD/CZX;;CCY;ccy_market
CADDJF=X;CAD/DJF;DJF;CCY;ccy_market
CADDKK=X;CAD/DKK;DKK;CCY;ccy_market
CADDKX=X;CAD/DKX;;CCY;ccy_market
CADDOP=X;CAD/DOP;DOP;CCY;ccy_market
CADDZD=X;CAD/DZD;DZD;CCY;ccy_market
CADEGP=X;CAD/EGP;EGP;CCY;ccy_market
CADERN=X;CAD/ERN;ERN;CCY;ccy_market
CADETB=X;CAD/ETB;ETB;CCY;ccy_market
CADEUR=X;CAD/EUR;EUR;CCY;ccy_market
CADFJD=X;CAD/FJD;FJD;CCY;ccy_market
CADFKP=X;CAD/FKP;FKP;CCY;ccy_market
CADGBP=X;CAD/GBP;GBP;CCY;ccy_market
CADGEL=X;CAD/GEL;GEL;CCY;ccy_market
CADGHS=X;CAD/GHS;;CCY;ccy_market
CADGIP=X;CAD/GIP;GIP;CCY;ccy_market
CADGMD=X;CAD/GMD;GMD;CCY;ccy_market
CADGNF=X;CAD/GNF;GNF;CCY;ccy_market
CADGTQ=X;CAD/GTQ;GTQ;CCY;ccy_market
CADGYD=X;CAD/GYD;GYD;CCY;ccy_market
CADHKD=X;CAD/HKD;HKD;CCY;ccy_market
CADHNL=X;CAD/HNL;HNL;CCY;ccy_market
CADHRK=X;CAD/HRK;HRK;CCY;ccy_market
CADHRX=X;CAD/HRX;;CCY;ccy_market
CADHTG=X;CAD/HTG;HTG;CCY;ccy_market
CADHUF=X;CAD/HUF;HUF;CCY;ccy_market
CADHUX=X;CAD/HUX;;CCY;ccy_market
CADIDR=X;CAD/IDR;IDR;CCY;ccy_market
CADILS=X;CAD/ILS;ILS;CCY;ccy_market
CADINR=X;CAD/INR;INR;CCY;ccy_market
CADIQD=X;CAD/IQD;IQD;CCY;ccy_market
CADIRR=X;CAD/IRR;IRR;CCY;ccy_market
CADISK=X;CAD/ISK;ISK;CCY;ccy_market
CADISX=X;CAD/ISX;;CCY;ccy_market
CADJMD=X;CAD/JMD;JMD;CCY;ccy_market
CADJOD=X;CAD/JOD;JOD;CCY;ccy_market
CADJPY=X;CAD/JPY;JPY;CCY;ccy_market
CADKES=X;CAD/KES;KES;CCY;ccy_market
CADKGS=X;CAD/KGS;KGS;CCY;ccy_market
CADKHR=X;CAD/KHR;KHR;CCY;ccy_market
CADKMF=X;CAD/KMF;KMF;CCY;ccy_market
CADKPW=X;CAD/KPW;KPW;CCY;ccy_market
CADKRW=X;CAD/KRW;KRW;CCY;ccy_market
CADKWD=X;CAD/KWD;KWD;CCY;ccy_market
CADKYD=X;CAD/KYD;KYD;CCY;ccy_market
CADKZT=X;CAD/KZT;KZT;CCY;ccy_market
CADLAK=X;CAD/LAK;LAK;CCY;ccy_market
CADLBP=X;CAD/LBP;LBP;CCY;ccy_market
CADLKR=X;CAD/LKR;LKR;CCY;ccy_market
CADLRD=X;CAD/LRD;LRD;CCY;ccy_market
CADLSL=X;CAD/LSL;LSL;CCY;ccy_market
CADLYD=X;CAD/LYD;LYD;CCY;ccy_market
CADMAD=X;CAD/MAD;MAD;CCY;ccy_market
CADMDL=X;CAD/MDL;MDL;CCY;ccy_market
CADMGA=X;CAD/MGA;;CCY;ccy_market
CADMKD=X;CAD/MKD;MKD;CCY;ccy_market
CADMMK=X;CAD/MMK;MMK;CCY;ccy_market
CADMNT=X;CAD/MNT;MNT;CCY;ccy_market
CADMOP=X;CAD/MOP;MOP;CCY;ccy_market
CADMRU=X;CAD/MRU;;CCY;ccy_market
CADMUR=X;CAD/MUR;MUR;CCY;ccy_market
CADMVR=X;CAD/MVR;MVR;CCY;ccy_market
CADMWK=X;CAD/MWK;MWK;CCY;ccy_market
CADMXN=X;CAD/MXN;MXN;CCY;ccy_market
CADMXX=X;CAD/MXX;;CCY;ccy_market
CADMYR=X;CAD/MYR;MYR;CCY;ccy_market
CADMYX=X;CAD/MYX;;CCY;ccy_market
CADMZN=X;CAD/MZN;;CCY;ccy_market
CADNAD=X;CAD/NAD;NAD;CCY;ccy_market
CADNGN=X;CAD/NGN;NGN;CCY;ccy_market
CADNIO=X;CAD/NIO;NIO;CCY;ccy_market
CADNOK=X;CAD/NOK;NOK;CCY;ccy_market
CADNPR=X;CAD/NPR;NPR;CCY;ccy_market
CADNZD=X;CAD/NZD;NZD;CCY;ccy_market
CADOMR=X;CAD/OMR;OMR;CCY;ccy_market
CADPAB=X;CAD/PAB;PAB;CCY;ccy_market
CADPEN=X;CAD/PEN;PEN;CCY;ccy_market
CADPGK=X;CAD/PGK;PGK;CCY;ccy_market
CADPHP=X;CAD/PHP;PHP;CCY;ccy_market
CADPKR=X;CAD/PKR;PKR;CCY;ccy_market
CADPLN=X;CAD/PLN;PLN;CCY;ccy_market
CADPLX=X;CAD/PLX;;CCY;ccy_market
CADPYG=X;CAD/PYG;PYG;CCY;ccy_market
CADQAR=X;CAD/QAR;QAR;CCY;ccy_market
CADRON=X;CAD/RON;;CCY;ccy_market
CADRSD=X;CAD/RSD;;CCY;ccy_market
CADRUB=X;CAD/RUB;RUB;CCY;ccy_market
CADRUX=X;CAD/RUX;;CCY;ccy_market
CADRWF=X;CAD/RWF;RWF;CCY;ccy_market
CADSAR=X;CAD/SAR;SAR;CCY;ccy_market
CADSBD=X;CAD/SBD;SBD;CCY;ccy_market
CADSCR=X;CAD/SCR;SCR;CCY;ccy_market
CADSDG=X;CAD/SDG;;CCY;ccy_market
CADSEK=X;CAD/SEK;SEK;CCY;ccy_market
CADSGD=X;CAD/SGD;SGD;CCY;ccy_market
CADSHP=X;CAD/SHP;SHP;CCY;ccy_market
CADSLL=X;CAD/SLL;SLL;CCY;ccy_market
CADSOS=X;CAD/SOS;SOS;CCY;ccy_market
CADSRD=X;CAD/SRD;;CCY;ccy_market
CADSTN=X;CAD/STN;;CCY;ccy_market
CADSVC=X;CAD/SVC;SVC;CCY;ccy_market
CADSYP=X;CAD/SYP;SYP;CCY;ccy_market
CADSZL=X;CAD/SZL;SZL;CCY;ccy_market
CADTHB=X;CAD/THB;THB;CCY;ccy_market
CADTHX=X;CAD/THX;;CCY;ccy_market
CADTJS=X;CAD/TJS;TJS;CCY;ccy_market
CADTMT=X;CAD/TMT;;CCY;ccy_market
CADTND=X;CAD/TND;TND;CCY;ccy_market
CADTOP=X;CAD/TOP;TOP;CCY;ccy_market
CADTRY=X;CAD/TRY;TRY;CCY;ccy_market
CADTTD=X;CAD/TTD;TTD;CCY;ccy_market
CADTWD=X;CAD/TWD;TWD;CCY;ccy_market
CADTZS=X;CAD/TZS;TZS;CCY;ccy_market
CADUAH=X;CAD/UAH;UAH;CCY;ccy_market
CADUGX=X;CAD/UGX;UGX;CCY;ccy_market
CADUSD=X;CAD/USD;USD;CCY;ccy_market
CADUYU=X;CAD/UYU;UYU;CCY;ccy_market
CADUZS=X;CAD/UZS;UZS;CCY;ccy_market
CADVES=X;CAD/VES;;CCY;ccy_market
CADVND=X;CAD/VND;VND;CCY;ccy_market
CADVUV=X;CAD/VUV;VUV;CCY;ccy_market
CADWST=X;CAD/WST;WST;CCY;ccy_market
CADXAF=X;CAD/XAF;XAF;CCY;ccy_market
CADXCD=X;CAD/XCD;XCD;CCY;ccy_market
CADXCU=X;CAD/XCU;;CCY;ccy_market
CADXDR=X;CAD/XDR;;CCY;ccy_market
CADXOF=X;CAD/XOF;XOF;CCY;ccy_market
CADXPF=X;CAD/XPF;XPF;CCY;ccy_market
CADYER=X;CAD/YER;YER;CCY;ccy_market
CADZAR=X;CAD/ZAR;ZAR;CCY;ccy_market
CADZMW=X;CAD/ZMW;;CCY;ccy_market
CAX=X;USD/CAX;CAX;CCY;ccy_market
CDF=X;USD/CDF;CDF;CCY;ccy_market
CDFBRX=X;CDF/BRX;;CCY;ccy_market
CHF=X;USD/CHF;CHF;CCY;ccy_market
CHFAED=X;CHF/AED;AED;CCY;ccy_market
CHFAFN=X;CHF/AFN;;CCY;ccy_market
CHFALL=X;CHF/ALL;ALL;CCY;ccy_market
CHFAMD=X;CHF/AMD;AMD;CCY;ccy_market
CHFANG=X;CHF/ANG;ANG;CCY;ccy_market
CHFAOA=X;CHF/AOA;AOA;CCY;ccy_market
CHFARS=X;CHF/ARS;ARS;CCY;ccy_market
CHFAUD=X;CHF/AUD;AUD;CCY;ccy_market
CHFAWG=X;CHF/AWG;AWG;CCY;ccy_market
CHFAZN=X;CHF/AZN;;CCY;ccy_market
CHFBAM=X;CHF/BAM;BAM;CCY;ccy_market
CHFBBD=X;CHF/BBD;BBD;CCY;ccy_market
CHFBDT=X;CHF/BDT;BDT;CCY;ccy_market
CHFBGN=X;CHF/BGN;BGN;CCY;ccy_market
CHFBHD=X;CHF/BHD;BHD;CCY;ccy_market
CHFBIF=X;CHF/BIF;BIF;CCY;ccy_market
CHFBMD=X;CHF/BMD;BMD;CCY;ccy_market
CHFBND=X;CHF/BND;BND;CCY;ccy_market
CHFBOB=X;CHF/BOB;BOB;CCY;ccy_market
CHFBRL=X;CHF/BRL;BRL;CCY;ccy_market
CHFBRX=X;CHF/BRX;;CCY;ccy_market
CHFBSD=X;CHF/BSD;BSD;CCY;ccy_market
CHFBTN=X;CHF/BTN;BTN;CCY;ccy_market
CHFBWP=X;CHF/BWP;BWP;CCY;ccy_market
CHFBYN=X;CHF/BYN;;CCY;ccy_market
CHFBZD=X;CHF/BZD;BZD;CCY;ccy_market
CHFCAD=X;CHF/CAD;CAD;CCY;ccy_market
CHFCAX=X;CHF/CAX;;CCY;ccy_market
CHFCDF=X;CHF/CDF;CDF;CCY;ccy_market
CHFCLP=X;CHF/CLP;CLP;CCY;ccy_market
CHFCNH=X;CHF/CNH;;CCY;ccy_market
CHFCNY=X;CHF/CNY;CNY;CCY;ccy_market
CHFCOP=X;CHF/COP;COP;CCY;ccy_market
CHFCRC=X;CHF/CRC;CRC;CCY;ccy_market
CHFCUP=X;CHF/CUP;CUP;CCY;ccy_market
CHFCVE=X;CHF/CVE;CVE;CCY;ccy_market
CHFCZK=X;CHF/CZK;CZK;CCY;ccy_market
CHFCZX=X;CHF/CZX;;CCY;ccy_market
CHFDJF=X;CHF/DJF;DJF;CCY;ccy_market
CHFDKK=X;CHF/DKK;DKK;CCY;ccy_market
CHFDKX=X;CHF/DKX;;CCY;ccy_market
CHFDOP=X;CHF/DOP;DOP;CCY;ccy_market
CHFDZD=X;CHF/DZD;DZD;CCY;ccy_market
CHFEGP=X;CHF/EGP;EGP;CCY;ccy_market
CHFERN=X;CHF/ERN;ERN;CCY;ccy_market
CHFETB=X;CHF/ETB;ETB;CCY;ccy_market
CHFEUR=X;CHF/EUR;EUR;CCY;ccy_market
CHFFJD=X;CHF/FJD;FJD;CCY;ccy_market
CHFFKP=X;CHF/FKP;FKP;CCY;ccy_market
CHFGBP=X;CHF/GBP;GBP;CCY;ccy_market
CHFGEL=X;CHF/GEL;GEL;CCY;ccy_market
CHFGHS=X;CHF/GHS;;CCY;ccy_market
CHFGIP=X;CHF/GIP;GIP;CCY;ccy_market
CHFGMD=X;CHF/GMD;GMD;CCY;ccy_market
CHFGNF=X;CHF/GNF;GNF;CCY;ccy_market
CHFGTQ=X;CHF/GTQ;GTQ;CCY;ccy_market
CHFGYD=X;CHF/GYD;GYD;CCY;ccy_market
CHFHKD=X;CHF/HKD;HKD;CCY;ccy_market
CHFHNL=X;CHF/HNL;HNL;CCY;ccy_market
CHFHRK=X;CHF/HRK;HRK;CCY;ccy_market
CHFHRX=X;CHF/HRX;;CCY;ccy_market
CHFHTG=X;CHF/HTG;HTG;CCY;ccy_market
CHFHUF=X;CHF/HUF;HUF;CCY;ccy_market
CHFHUX=X;CHF/HUX;;CCY;ccy_market
CHFIDR=X;CHF/IDR;IDR;CCY;ccy_market
CHFILS=X;CHF/ILS;ILS;CCY;ccy_market
CHFINR=X;CHF/INR;INR;CCY;ccy_market
CHFIQD=X;CHF/IQD;IQD;CCY;ccy_market
CHFIRR=X;CHF/IRR;IRR;CCY;ccy_market
CHFISK=X;CHF/ISK;ISK;CCY;ccy_market
CHFISX=X;CHF/ISX;;CCY;ccy_market
CHFJMD=X;CHF/JMD;JMD;CCY;ccy_market
CHFJOD=X;CHF/JOD;JOD;CCY;ccy_market
CHFJPY=X;CHF/JPY;JPY;CCY;ccy_market
CHFKES=X;CHF/KES;KES;CCY;ccy_market
CHFKGS=X;CHF/KGS;KGS;CCY;ccy_market
CHFKHR=X;CHF/KHR;KHR;CCY;ccy_market
CHFKMF=X;CHF/KMF;KMF;CCY;ccy_market
CHFKPW=X;CHF/KPW;KPW;CCY;ccy_market
CHFKRW=X;CHF/KRW;KRW;CCY;ccy_market
CHFKWD=X;CHF/KWD;KWD;CCY;ccy_market
CHFKYD=X;CHF/KYD;KYD;CCY;ccy_market
CHFKZT=X;CHF/KZT;KZT;CCY;ccy_market
CHFLAK=X;CHF/LAK;LAK;CCY;ccy_market
CHFLBP=X;CHF/LBP;LBP;CCY;ccy_market
CHFLKR=X;CHF/LKR;LKR;CCY;ccy_market
CHFLRD=X;CHF/LRD;LRD;CCY;ccy_market
CHFLSL=X;CHF/LSL;LSL;CCY;ccy_market
CHFLYD=X;CHF/LYD;LYD;CCY;ccy_market
CHFMAD=X;CHF/MAD;MAD;CCY;ccy_market
CHFMDL=X;CHF/MDL;MDL;CCY;ccy_market
CHFMGA=X;CHF/MGA;;CCY;ccy_market
CHFMKD=X;CHF/MKD;MKD;CCY;ccy_market
CHFMMK=X;CHF/MMK;MMK;CCY;ccy_market
CHFMNT=X;CHF/MNT;MNT;CCY;ccy_market
CHFMOP=X;CHF/MOP;MOP;CCY;ccy_market
CHFMRU=X;CHF/MRU;;CCY;ccy_market
CHFMUR=X;CHF/MUR;MUR;CCY;ccy_market
CHFMVR=X;CHF/MVR;MVR;CCY;ccy_market
CHFMWK=X;CHF/MWK;MWK;CCY;ccy_market
CHFMXN=X;CHF/MXN;MXN;CCY;ccy_market
CHFMYR=X;CHF/MYR;MYR;CCY;ccy_market
CHFMYX=X;CHF/MYX;;CCY;ccy_market
CHFMZN=X;CHF/MZN;;CCY;ccy_market
CHFNAD=X;CHF/NAD;NAD;CCY;ccy_market
CHFNGN=X;CHF/NGN;NGN;CCY;ccy_market
CHFNIO=X;CHF/NIO;NIO;CCY;ccy_market
CHFNOK=X;CHF/NOK;NOK;CCY;ccy_market
CHFNPR=X;CHF/NPR;NPR;CCY;ccy_market
CHFNZD=X;CHF/NZD;NZD;CCY;ccy_market
CHFOMR=X;CHF/OMR;OMR;CCY;ccy_market
CHFPAB=X;CHF/PAB;PAB;CCY;ccy_market
CHFPEN=X;CHF/PEN;PEN;CCY;ccy_market
CHFPGK=X;CHF/PGK;PGK;CCY;ccy_market
CHFPHP=X;CHF/PHP;PHP;CCY;ccy_market
CHFPKR=X;CHF/PKR;PKR;CCY;ccy_market
CHFPLN=X;CHF/PLN;PLN;CCY;ccy_market
CHFPLX=X;CHF/PLX;;CCY;ccy_market
CHFPYG=X;CHF/PYG;PYG;CCY;ccy_market
CHFQAR=X;CHF/QAR;QAR;CCY;ccy_market
CHFRON=X;CHF/RON;;CCY;ccy_market
CHFRSD=X;CHF/RSD;;CCY;ccy_market
CHFRUB=X;CHF/RUB;RUB;CCY;ccy_market
CHFRUX=X;CHF/RUX;;CCY;ccy_market
CHFRWF=X;CHF/RWF;RWF;CCY;ccy_market
CHFSAR=X;CHF/SAR;SAR;CCY;ccy_market
CHFSBD=X;CHF/SBD;SBD;CCY;ccy_market
CHFSCR=X;CHF/SCR;SCR;CCY;ccy_market
CHFSDG=X;CHF/SDG;;CCY;ccy_market
CHFSEK=X;CHF/SEK;SEK;CCY;ccy_market
CHFSGD=X;CHF/SGD;SGD;CCY;ccy_market
CHFSHP=X;CHF/SHP;SHP;CCY;ccy_market
CHFSLL=X;CHF/SLL;SLL;CCY;ccy_market
CHFSOS=X;CHF/SOS;SOS;CCY;ccy_market
CHFSRD=X;CHF/SRD;;CCY;ccy_market
CHFSTN=X;CHF/STN;;CCY;ccy_market
CHFSVC=X;CHF/SVC;SVC;CCY;ccy_market
CHFSYP=X;CHF/SYP;SYP;CCY;ccy_market
CHFSZL=X;CHF/SZL;SZL;CCY;ccy_market
CHFTHB=X;CHF/THB;THB;CCY;ccy_market
CHFTHX=X;CHF/THX;;CCY;ccy_market
CHFTJS=X;CHF/TJS;TJS;CCY;ccy_market
CHFTMT=X;CHF/TMT;;CCY;ccy_market
CHFTND=X;CHF/TND;TND;CCY;ccy_market
CHFTOP=X;CHF/TOP;TOP;CCY;ccy_market
CHFTRY=X;CHF/TRY;TRY;CCY;ccy_market
CHFTTD=X;CHF/TTD;TTD;CCY;ccy_market
CHFTWD=X;CHF/TWD;TWD;CCY;ccy_market
CHFTZS=X;CHF/TZS;TZS;CCY;ccy_market
CHFUAH=X;CHF/UAH;UAH;CCY;ccy_market
CHFUGX=X;CHF/UGX;UGX;CCY;ccy_market
CHFUSD=X;CHF/USD;USD;CCY;ccy_market
CHFUYU=X;CHF/UYU;UYU;CCY;ccy_market
CHFUZS=X;CHF/UZS;UZS;CCY;ccy_market
CHFVES=X;CHF/VES;;CCY;ccy_market
CHFVND=X;CHF/VND;VND;CCY;ccy_market
CHFVUV=X;CHF/VUV;VUV;CCY;ccy_market
CHFWST=X;CHF/WST;WST;CCY;ccy_market
CHFXAF=X;CHF/XAF;XAF;CCY;ccy_market
CHFXCD=X;CHF/XCD;XCD;CCY;ccy_market
CHFXCU=X;CHF/XCU;;CCY;ccy_market
CHFXDR=X;CHF/XDR;;CCY;ccy_market
CHFXOF=X;CHF/XOF;XOF;CCY;ccy_market
CHFXPF=X;CHF/XPF;XPF;CCY;ccy_market
CHFYER=X;CHF/YER;YER;CCY;ccy_market
CHFZAR=X;CHF/ZAR;ZAR;CCY;ccy_market
CHFZMW=X;CHF/ZMW;;CCY;ccy_market
CLF=X;USD/CLF;CLF;CCY;ccy_market
CLFBRX=X;CLF/BRX;;CCY;ccy_market
CLFCLP=X;CLF/CLP;CLP;CCY;ccy_market
CLFEUR=X;CLF/EUR;EUR;CCY;ccy_market
CLFGBP=X;CLF/GBP;GBP;CCY;ccy_market
CLFJPY=X;CLF/JPY;JPY;CCY;ccy_market
CLFUSD=X;CLF/USD;USD;CCY;ccy_market
CLP=X;USD/CLP;CLP;CCY;ccy_market
CLPBRL=X;CLP/BRL;BRL;CCY;ccy_market
CLPBRX=X;CLP/BRX;;CCY;ccy_market
CLPEUR=X;CLP/EUR;EUR;CCY;ccy_market
CLPGBP=X;CLP/GBP;GBP;CCY;ccy_market
CLPJPY=X;CLP/JPY;JPY;CCY;ccy_market
CLPPLX=X;CLP/PLX;;CCY;ccy_market
CLPUSD=X;CLP/USD;USD;CCY;ccy_market
CLPXDR=X;CLP/XDR;;CCY;ccy_market
CNH=X;USD/CNH;CNH;CCY;ccy_market
CNHBRX=X;CNH/BRX;;CCY;ccy_market
CNHCNY=X;CNH/CNY;;CCY;ccy_market
CNHHKD=X;CNH/HKD;HKD;CCY;ccy_market
CNHIDR=X;CNH/IDR;IDR;CCY;ccy_market
CNHINR=X;CNH/INR;INR;CCY;ccy_market
CNHJPY=X;CNH/JPY;JPY;CCY;ccy_market
CNHKRW=X;CNH/KRW;KRW;CCY;ccy_market
CNHPHP=X;CNH/PHP;PHP;CCY;ccy_market
CNHSGD=X;CNH/SGD;SGD;CCY;ccy_market
CNHTHB=X;CNH/THB;THB;CCY;ccy_market
CNHTWD=X;CNH/TWD;TWD;CCY;ccy_market
CNHUSD=X;CNH/USD;USD;CCY;ccy_market
CNY=X;USD/CNY;CNY;CCY;ccy_market
CNYAUD=X;CNY/AUD;AUD;CCY;ccy_market
CNYBAM=X;CNY/BAM;;CCY;ccy_market
CNYBND=X;CNY/BND;;CCY;ccy_market
CNYBRL=X;CNY/BRL;BRL;CCY;ccy_market
CNYBRX=X;CNY/BRX;;CCY;ccy_market
CNYBWP=X;CNY/BWP;BWP;CCY;ccy_market
CNYCAD=X;CNY/CAD;CAD;CCY;ccy_market
CNYCAX=X;CNY/CAX;;CCY;ccy_market
CNYCHF=X;CNY/CHF;CHF;CCY;ccy_market
CNYCNH=X;CNY/CNH;;CCY;ccy_market
CNYCZX=X;CNY/CZX;;CCY;ccy_market
CNYDKX=X;CNY/DKX;;CCY;ccy_market
CNYEUR=X;CNY/EUR;EUR;CCY;ccy_market
CNYGBP=X;CNY/GBP;GBP;CCY;ccy_market
CNYGHS=X;CNY/GHS;;CCY;ccy_market
CNYHKD=X;CNY/HKD;HKD;CCY;ccy_market
CNYHUX=X;CNY/HUX;;CCY;ccy_market
CNYIDR=X;CNY/IDR;IDR;CCY;ccy_market
CNYINR=X;CNY/INR;INR;CCY;ccy_market
CNYJPY=X;CNY/JPY;JPY;CCY;ccy_market
CNYKHR=X;CNY/KHR;;CCY;ccy_market
CNYKRW=X;CNY/KRW;KRW;CCY;ccy_market
CNYLAK=X;CNY/LAK;;CCY;ccy_market
CNYLKR=X;CNY/LKR;LKR;CCY;ccy_market
CNYMMK=X;CNY/MMK;;CCY;ccy_market
CNYMYR=X;CNY/MYR;MYR;CCY;ccy_market
CNYMYX=X;CNY/MYX;;CCY;ccy_market
CNYNZD=X;CNY/NZD;NZD;CCY;ccy_market
CNYPHP=X;CNY/PHP;PHP;CCY;ccy_market
CNYPLN=X;CNY/PLN;PLN;CCY;ccy_market
CNYPLX=X;CNY/PLX;;CCY;ccy_market
CNYRSD=X;CNY/RSD;;CCY;ccy_market
CNYRUB=X;CNY/RUB;RUB;CCY;ccy_market
CNYRUX=X;CNY/RUX;;CCY;ccy_market
CNYSGD=X;CNY/SGD;SGD;CCY;ccy_market
CNYTHB=X;CNY/THB;THB;CCY;ccy_market
CNYTHX=X;CNY/THX;;CCY;ccy_market
CNYTWD=X;CNY/TWD;TWD;CCY;ccy_market
CNYUSD=X;CNY/USD;USD;CCY;ccy_market
CNYVND=X;CNY/VND;;CCY;ccy_market
CNYXCU=X;CNY/XCU;;CCY;ccy_market
CNYXDR=X;CNY/XDR;;CCY;ccy_market
CNYZAR=X;CNY/ZAR;ZAR;CCY;ccy_market
COP=X;USD/COP;COP;CCY;ccy_market
COPBRL=X;COP/BRL;BRL;CCY;ccy_market
COPBRX=X;COP/BRX;;CCY;ccy_market
COPEUR=X;COP/EUR;EUR;CCY;ccy_market
COPGBP=X;COP/GBP;GBP;CCY;ccy_market
COPJPY=X;COP/JPY;JPY;CCY;ccy_market
COPUSD=X;COP/USD;USD;CCY;ccy_market
COPXDR=X;COP/XDR;;CCY;ccy_market
CRC=X;USD/CRC;CRC;CCY;ccy_market
CRCBRX=X;CRC/BRX;;CCY;ccy_market
CRCGBP=X;CRC/GBP;GBP;CCY;ccy_market
CRCUSD=X;CRC/USD;USD;CCY;ccy_market
CUC=X;USD/CUC;CUC;CCY;ccy_market
CUCCUP=X;CUC/CUP;;CCY;ccy_market
CUCUSD=X;CUC/USD;USD;CCY;ccy_market
CUP=X;USD/CUP;CUP;CCY;ccy_market
CUPBRX=X;CUP/BRX;;CCY;ccy_market
CUPUSD=X;CUP/USD;USD;CCY;ccy_market
CVE=X;USD/CVE;CVE;CCY;ccy_market
CVEBRX=X;CVE/BRX;;CCY;ccy_market
CVEUSD=X;CVE/USD;USD;CCY;ccy_market
CZK=X;USD/CZK;CZK;CCY;ccy_market
CZKAUD=X;CZK/AUD;AUD;CCY;ccy_market
CZKBAM=X;CZK/BAM;BAM;CCY;ccy_market
CZKBRX=X;CZK/BRX;;CCY;ccy_market
CZKCHF=X;CZK/CHF;CHF;CCY;ccy_market
CZKDKK=X;CZK/DKK;DKK;CCY;ccy_market
CZKDKX=X;CZK/DKX;;CCY;ccy_market
CZKEUR=X;CZK/EUR;EUR;CCY;ccy_market
CZKGBP=X;CZK/GBP;GBP;CCY;ccy_market
CZKHKD=X;CZK/HKD;HKD;CCY;ccy_market
CZKHRX=X;CZK/HRX;;CCY;ccy_market
CZKHUF=X;CZK/HUF;HUF;CCY;ccy_market
CZKHUX=X;CZK/HUX;;CCY;ccy_market
CZKJPY=X;CZK/JPY;JPY;CCY;ccy_market
CZKPLN=X;CZK/PLN;PLN;CCY;ccy_market
CZKPLX=X;CZK/PLX;;CCY;ccy_market
CZKRSD=X;CZK/RSD;;CCY;ccy_market
CZKRUX=X;CZK/RUX;;CCY;ccy_market
CZKSEK=X;CZK/SEK;SEK;CCY;ccy_market
CZKTHX=X;CZK/THX;;CCY;ccy_market
CZKUSD=X;CZK/USD;USD;CCY;ccy_market
CZKXDR=X;CZK/XDR;;CCY;ccy_market
CZX=X;USD/CZX;CZX;CCY;ccy_market
DJF=X;USD/DJF;DJF;CCY;ccy_market
DJFBRX=X;DJF/BRX;;CCY;ccy_market
DJFGBP=X;DJF/GBP;GBP;CCY;ccy_market
DJFUSD=X;DJF/USD;USD;CCY;ccy_market
DKK=X;USD/DKK;DKK;CCY;ccy_market
DKKANG=X;DKK/ANG;ANG;CCY;ccy_market
DKKAUD=X;DKK/AUD;AUD;CCY;ccy_market
DKKBAM=X;DKK/BAM;BAM;CCY;ccy_market
DKKBRL=X;DKK/BRL;BRL;CCY;ccy_market
DKKBRX=X;DKK/BRX;;CCY;ccy_market
DKKCAD=X;DKK/CAD;CAD;CCY;ccy_market
DKKCHF=X;DKK/CHF;CHF;CCY;ccy_market
DKKCZK=X;DKK/CZK;CZK;CCY;ccy_market
DKKCZX=X;DKK/CZX;;CCY;ccy_market
DKKEUR=X;DKK/EUR;EUR;CCY;ccy_market
DKKGBP=X;DKK/GBP;GBP;CCY;ccy_market
DKKGIP=X;DKK/GIP;GIP;CCY;ccy_market
DKKHKD=X;DKK/HKD;HKD;CCY;ccy_market
DKKHRX=X;DKK/HRX;;CCY;ccy_market
DKKHUF=X;DKK/HUF;HUF;CCY;ccy_market
DKKHUX=X;DKK/HUX;;CCY;ccy_market
DKKIDR=X;DKK/IDR;IDR;CCY;ccy_market
DKKINR=X;DKK/INR;INR;CCY;ccy_market
DKKISK=X;DKK/ISK;ISK;CCY;ccy_market
DKKISX=X;DKK/ISX;;CCY;ccy_market
DKKJPY=X;DKK/JPY;JPY;CCY;ccy_market
DKKKPW=X;DKK/KPW;KPW;CCY;ccy_market
DKKKRW=X;DKK/KRW;KRW;CCY;ccy_market
DKKLKR=X;DKK/LKR;LKR;CCY;ccy_market
DKKNOK=X;DKK/NOK;NOK;CCY;ccy_market
DKKNZD=X;DKK/NZD;NZD;CCY;ccy_market
DKKOMR=X;DKK/OMR;OMR;CCY;ccy_market
DKKPKR=X;DKK/PKR;PKR;CCY;ccy_market
DKKPLN=X;DKK/PLN;PLN;CCY;ccy_market
DKKPLX=X;DKK/PLX;;CCY;ccy_market
DKKQAR=X;DKK/QAR;QAR;CCY;ccy_market
DKKRSD=X;DKK/RSD;;CCY;ccy_market
DKKRUX=X;DKK/RUX;;CCY;ccy_market
DKKSAR=X;DKK/SAR;SAR;CCY;ccy_market
DKKSEK=X;DKK/SEK;SEK;CCY;ccy_market
DKKSGD=X;DKK/SGD;SGD;CCY;ccy_market
DKKTHB=X;DKK/THB;THB;CCY;ccy_market
DKKTHX=X;DKK/THX;;CCY;ccy_market
DKKUSD=X;DKK/USD;USD;CCY;ccy_market
DKKXCU=X;DKK/XCU;;CCY;ccy_market
DKKXDR=X;DKK/XDR;;CCY;ccy_market
DKKZAR=X;DKK/ZAR;ZAR;CCY;ccy_market
DKX=X;USD/DKX;DKX;CCY;ccy_market
DOP=X;USD/DOP;DOP;CCY;ccy_market
DOPBRX=X;DOP/BRX;;CCY;ccy_market
DOPGBP=X;DOP/GBP;GBP;CCY;ccy_market
DOPUSD=X;DOP/USD;USD;CCY;ccy_market
DZD=X;USD/DZD;DZD;CCY;ccy_market
DZDBRX=X;DZD/BRX;;CCY;ccy_market
DZDGBP=X;DZD/GBP;GBP;CCY;ccy_market
DZDUSD=X;DZD/USD;USD;CCY;ccy_market
DZDXDR=X;DZD/XDR;;CCY;ccy_market
EGP=X;USD/EGP;EGP;CCY;ccy_market
EGPAED=X;EGP/AED;AED;CCY;ccy_market
EGPBRX=X;EGP/BRX;;CCY;ccy_market
EGPCHF=X;EGP/CHF;CHF;CCY;ccy_market
EGPEUR=X;EGP/EUR;EUR;CCY;ccy_market
EGPGBP=X;EGP/GBP;GBP;CCY;ccy_market
EGPJPY=X;EGP/JPY;JPY;CCY;ccy_market
EGPMYX=X;EGP/MYX;;CCY;ccy_market
EGPPKR=X;EGP/PKR;PKR;CCY;ccy_market
EGPTHX=X;EGP/THX;;CCY;ccy_market
EGPUSD=X;EGP/USD;USD;CCY;ccy_market
EGPZAR=X;EGP/ZAR;ZAR;CCY;ccy_market
ERN=X;USD/ERN;ERN;CCY;ccy_market
ERNBRX=X;ERN/BRX;;CCY;ccy_market
ERNUSD=X;ERN/USD;USD;CCY;ccy_market
ETB=X;USD/ETB;ETB;CCY;ccy_market
ETBBRX=X;ETB/BRX;;CCY;ccy_market
ETBGBP=X;ETB/GBP;GBP;CCY;ccy_market
ETBUSD=X;ETB/USD;USD;CCY;ccy_market
EUR=X;USD/EUR;EUR;CCY;ccy_market
EURAED=X;EUR/AED;AED;CCY;ccy_market
EURAFN=X;EUR/AFN;;CCY;ccy_market
EURALL=X;EUR/ALL;ALL;CCY;ccy_market
EURAMD=X;EUR/AMD;AMD;CCY;ccy_market
EURANG=X;EUR/ANG;ANG;CCY;ccy_market
EURAOA=X;EUR/AOA;AOA;CCY;ccy_market
EURARS=X;EUR/ARS;ARS;CCY;ccy_market
EURAUD=X;EUR/AUD;AUD;CCY;ccy_market
EURAWG=X;EUR/AWG;AWG;CCY;ccy_market
EURAZN=X;EUR/AZN;;CCY;ccy_market
EURBAM=X;EUR/BAM;BAM;CCY;ccy_market
EURBBD=X;EUR/BBD;BBD;CCY;ccy_market
EURBDT=X;EUR/BDT;BDT;CCY;ccy_market
EURBGN=X;EUR/BGN;BGN;CCY;ccy_market
EURBHD=X;EUR/BHD;BHD;CCY;ccy_market
EURBIF=X;EUR/BIF;BIF;CCY;ccy_market
EURBMD=X;EUR/BMD;BMD;CCY;ccy_market
EURBND=X;EUR/BND;BND;CCY;ccy_market
EURBOB=X;EUR/BOB;BOB;CCY;ccy_market
EURBRL=X;EUR/BRL;BRL;CCY;ccy_market
EURBRX=X;EUR/BRX;;CCY;ccy_market
EURBSD=X;EUR/BSD;BSD;CCY;ccy_market
EURBTN=X;EUR/BTN;BTN;CCY;ccy_market
EURBWP=X;EUR/BWP;BWP;CCY;ccy_market
EURBYN=X;EUR/BYN;;CCY;ccy_market
EURBZD=X;EUR/BZD;BZD;CCY;ccy_market
EURCAD=X;EUR/CAD;CAD;CCY;ccy_market
EURCAX=X;EUR/CAX;;CCY;ccy_market
EURCDF=X;EUR/CDF;CDF;CCY;ccy_market
EURCHF=X;EUR/CHF;CHF;CCY;ccy_market
EURCLF=X;EUR/CLF;CLF;CCY;ccy_market
EURCLP=X;EUR/CLP;CLP;CCY;ccy_market
EURCNH=X;EUR/CNH;;CCY;ccy_market
EURCNY=X;EUR/CNY;CNY;CCY;ccy_market
EURCOP=X;EUR/COP;COP;CCY;ccy_market
EURCRC=X;EUR/CRC;CRC;CCY;ccy_market
EURCUP=X;EUR/CUP;CUP;CCY;ccy_market
EURCVE=X;EUR/CVE;CVE;CCY;ccy_market
EURCZK=X;EUR/CZK;CZK;CCY;ccy_market
EURCZX=X;EUR/CZX;;CCY;ccy_market
EURDJF=X;EUR/DJF;DJF;CCY;ccy_market
EURDKK=X;EUR/DKK;DKK;CCY;ccy_market
EURDKX=X;EUR/DKX;;CCY;ccy_market
EURDOP=X;EUR/DOP;DOP;CCY;ccy_market
EURDZD=X;EUR/DZD;DZD;CCY;ccy_market
EUREGP=X;EUR/EGP;EGP;CCY;ccy_market
EURERN=X;EUR/ERN;ERN;CCY;ccy_market
EURETB=X;EUR/ETB;ETB;CCY;ccy_market
EUREUR=X;EUR/EUR;EUR;CCY;ccy_market
EURFJD=X;EUR/FJD;FJD;CCY;ccy_market
EURFKP=X;EUR/FKP;FKP;CCY;ccy_market
EURGBP=X;EUR/GBP;GBP;CCY;ccy_market
EURGEL=X;EUR/GEL;GEL;CCY;ccy_market
EURGHS=X;EUR/GHS;;CCY;ccy_market
EURGIP=X;EUR/GIP;GIP;CCY;ccy_market
EURGMD=X;EUR/GMD;GMD;CCY;ccy_market
EURGNF=X;EUR/GNF;GNF;CCY;ccy_market
EURGTQ=X;EUR/GTQ;GTQ;CCY;ccy_market
EURGYD=X;EUR/GYD;GYD;CCY;ccy_market
EURHKD=X;EUR/HKD;HKD;CCY;ccy_market
EURHNL=X;EUR/HNL;HNL;CCY;ccy_market
EURHRK=X;EUR/HRK;HRK;CCY;ccy_market
EURHRX=X;EUR/HRX;;CCY;ccy_market
EURHTG=X;EUR/HTG;HTG;CCY;ccy_market
EURHUF=X;EUR/HUF;HUF;CCY;ccy_market
EURHUX=X;EUR/HUX;;CCY;ccy_market
EURIDR=X;EUR/IDR;IDR;CCY;ccy_market
EURILS=X;EUR/ILS;ILS;CCY;ccy_market
EURINR=X;EUR/INR;INR;CCY;ccy_market
EURIQD=X;EUR/IQD;IQD;CCY;ccy_market
EURIRR=X;EUR/IRR;IRR;CCY;ccy_market
EURISK=X;EUR/ISK;ISK;CCY;ccy_market
EURISX=X;EUR/ISX;;CCY;ccy_market
EURJMD=X;EUR/JMD;JMD;CCY;ccy_market
EURJOD=X;EUR/JOD;JOD;CCY;ccy_market
EURJPY=X;EUR/JPY;JPY;CCY;ccy_market
EURKES=X;EUR/KES;KES;CCY;ccy_market
EURKGS=X;EUR/KGS;KGS;CCY;ccy_market
EURKHR=X;EUR/KHR;KHR;CCY;ccy_market
EURKMF=X;EUR/KMF;KMF;CCY;ccy_market
EURKPW=X;EUR/KPW;KPW;CCY;ccy_market
EURKRW=X;EUR/KRW;KRW;CCY;ccy_market
EURKWD=X;EUR/KWD;KWD;CCY;ccy_market
EURKYD=X;EUR/KYD;KYD;CCY;ccy_market
EURKZT=X;EUR/KZT;KZT;CCY;ccy_market
EURLAK=X;EUR/LAK;LAK;CCY;ccy_market
EURLBP=X;EUR/LBP;LBP;CCY;ccy_market
EURLKR=X;EUR/LKR;LKR;CCY;ccy_market
EURLRD=X;EUR/LRD;LRD;CCY;ccy_market
EURLSL=X;EUR/LSL;LSL;CCY;ccy_market
EURLYD=X;EUR/LYD;LYD;CCY;ccy_market
EURMAD=X;EUR/MAD;MAD;CCY;ccy_market
EURMDL=X;EUR/MDL;MDL;CCY;ccy_market
EURMGA=X;EUR/MGA;;CCY;ccy_market
EURMKD=X;EUR/MKD;MKD;CCY;ccy_market
EURMMK=X;EUR/MMK;MMK;CCY;ccy_market
EURMNT=X;EUR/MNT;MNT;CCY;ccy_market
EURMOP=X;EUR/MOP;MOP;CCY;ccy_market
EURMRU=X;EUR/MRU;;CCY;ccy_market
EURMUR=X;EUR/MUR;MUR;CCY;ccy_market
EURMVR=X;EUR/MVR;MVR;CCY;ccy_market
EURMWK=X;EUR/MWK;MWK;CCY;ccy_market
EURMXN=X;EUR/MXN;MXN;CCY;ccy_market
EURMXX=X;EUR/MXX;;CCY;ccy_market
EURMYR=X;EUR/MYR;MYR;CCY;ccy_market
EURMYX=X;EUR/MYX;;CCY;ccy_market
EURMZN=X;EUR/MZN;;CCY;ccy_market
EURNAD=X;EUR/NAD;NAD;CCY;ccy_market
EURNGN=X;EUR/NGN;NGN;CCY;ccy_market
EURNIO=X;EUR/NIO;NIO;CCY;ccy_market
EURNOK=X;EUR/NOK;NOK;CCY;ccy_market
EURNPR=X;EUR/NPR;NPR;CCY;ccy_market
EURNZD=X;EUR/NZD;NZD;CCY;ccy_market
EURPAB=X;EUR/PAB;PAB;CCY;ccy_market
EURPEN=X;EUR/PEN;PEN;CCY;ccy_market
EURPGK=X;EUR/PGK;PGK;CCY;ccy_market
EURPHP=X;EUR/PHP;PHP;CCY;ccy_market
EURPKR=X;EUR/PKR;PKR;CCY;ccy_market
EURPLN=X;EUR/PLN;PLN;CCY;ccy_market
EURPLX=X;EUR/PLX;;CCY;ccy_market
EURPYG=X;EUR/PYG;PYG;CCY;ccy_market
EURQAR=X;EUR/QAR;QAR;CCY;ccy_market
EURRON=X;EUR/RON;;CCY;ccy_market
EURRSD=X;EUR/RSD;;CCY;ccy_market
EURRUB=X;EUR/RUB;RUB;CCY;ccy_market
EURRUX=X;EUR/RUX;;CCY;ccy_market
EURRWF=X;EUR/RWF;RWF;CCY;ccy_market
EURSAR=X;EUR/SAR;SAR;CCY;ccy_market
EURSBD=X;EUR/SBD;SBD;CCY;ccy_market
EURSCR=X;EUR/SCR;SCR;CCY;ccy_market
EURSDG=X;EUR/SDG;;CCY;ccy_market
EURSEK=X;EUR/SEK;SEK;CCY;ccy_market
EURSGD=X;EUR/SGD;SGD;CCY;ccy_market
EURSHP=X;EUR/SHP;SHP;CCY;ccy_market
EURSLL=X;EUR/SLL;SLL;CCY;ccy_market
EURSOS=X;EUR/SOS;SOS;CCY;ccy_market
EURSRD=X;EUR/SRD;;CCY;ccy_market
EURSTN=X;EUR/STN;;CCY;ccy_market
EURSVC=X;EUR/SVC;SVC;CCY;ccy_market
EURSYP=X;EUR/SYP;SYP;CCY;ccy_market
EURSZL=X;EUR/SZL;SZL;CCY;ccy_market
EURTHB=X;EUR/THB;THB;CCY;ccy_market
EURTHX=X;EUR/THX;;CCY;ccy_market
EURTJS=X;EUR/TJS;TJS;CCY;ccy_market
EURTMT=X;EUR/TMT;;CCY;ccy_market
EURTND=X;EUR/TND;TND;CCY;ccy_market
EURTOP=X;EUR/TOP;TOP;CCY;ccy_market
EURTRY=X;EUR/TRY;TRY;CCY;ccy_market
EURTTD=X;EUR/TTD;TTD;CCY;ccy_market
EURTWD=X;EUR/TWD;TWD;CCY;ccy_market
EURTZS=X;EUR/TZS;TZS;CCY;ccy_market
EURUAH=X;EUR/UAH;UAH;CCY;ccy_market
EURUGX=X;EUR/UGX;UGX;CCY;ccy_market
EURUSD=X;EUR/USD;USD;CCY;ccy_market
EURUYU=X;EUR/UYU;UYU;CCY;ccy_market
EURUZS=X;EUR/UZS;UZS;CCY;ccy_market
EURVES=X;EUR/VES;;CCY;ccy_market
EURVND=X;EUR/VND;VND;CCY;ccy_market
EURVUV=X;EUR/VUV;VUV;CCY;ccy_market
EURWST=X;EUR/WST;WST;CCY;ccy_market
EURXAF=X;EUR/XAF;XAF;CCY;ccy_market
EURXCD=X;EUR/XCD;XCD;CCY;ccy_market
EURXCU=X;EUR/XCU;;CCY;ccy_market
EURXDR=X;EUR/XDR;;CCY;ccy_market
EURXOF=X;EUR/XOF;XOF;CCY;ccy_market
EURXPF=X;EUR/XPF;XPF;CCY;ccy_market
EURYER=X;EUR/YER;YER;CCY;ccy_market
EURZAC=X;EUR/ZAC;;CCY;ccy_market
EURZAR=X;EUR/ZAR;ZAR;CCY;ccy_market
EURZMW=X;EUR/ZMW;;CCY;ccy_market
EUXAUD=X;EUX/AUD;;CCY;ccy_market
EUXBGN=X;EUX/BGN;;CCY;ccy_market
EUXBRL=X;EUX/BRL;;CCY;ccy_market
EUXCAD=X;EUX/CAD;;CCY;ccy_market
EUXCHF=X;EUX/CHF;;CCY;ccy_market
EUXCNY=X;EUX/CNY;;CCY;ccy_market
EUXCZK=X;EUX/CZK;;CCY;ccy_market
EUXDKK=X;EUX/DKK;;CCY;ccy_market
EUXGBP=X;EUX/GBP;;CCY;ccy_market
EUXHKD=X;EUX/HKD;;CCY;ccy_market
EUXHRK=X;EUX/HRK;;CCY;ccy_market
EUXHUF=X;EUX/HUF;;CCY;ccy_market
EUXIDR=X;EUX/IDR;;CCY;ccy_market
EUXILS=X;EUX/ILS;;CCY;ccy_market
EUXINR=X;EUX/INR;;CCY;ccy_market
EUXISK=X;EUX/ISK;;CCY;ccy_market
EUXJPY=X;EUX/JPY;;CCY;ccy_market
EUXKRW=X;EUX/KRW;;CCY;ccy_market
EUXMXN=X;EUX/MXN;;CCY;ccy_market
EUXMYR=X;EUX/MYR;;CCY;ccy_market
EUXNOK=X;EUX/NOK;;CCY;ccy_market
EUXNZD=X;EUX/NZD;;CCY;ccy_market
EUXPHP=X;EUX/PHP;;CCY;ccy_market
EUXPLN=X;EUX/PLN;;CCY;ccy_market
EUXRON=X;EUX/RON;;CCY;ccy_market
EUXRUB=X;EUX/RUB;;CCY;ccy_market
EUXSEK=X;EUX/SEK;;CCY;ccy_market
EUXSGD=X;EUX/SGD;;CCY;ccy_market
EUXTHB=X;EUX/THB;;CCY;ccy_market
EUXTRY=X;EUX/TRY;;CCY;ccy_market
EUXUSD=X;;;;
EUXZAR=X;EUX/ZAR;;CCY;ccy_market
FJD=X;USD/FJD;FJD;CCY;ccy_market
FJDBRX=X;FJD/BRX;;CCY;ccy_market
FJDHKD=X;FJD/HKD;HKD;CCY;ccy_market
FKP=X;USD/FKP;FKP;CCY;ccy_market
FKPBRX=X;FKP/BRX;;CCY;ccy_market
GBP=X;USD/GBP;GBP;CCY;ccy_market
GBPAED=X;GBP/AED;AED;CCY;ccy_market
GBPAFN=X;GBP/AFN;;CCY;ccy_market
GBPALL=X;GBP/ALL;ALL;CCY;ccy_market
GBPAMD=X;GBP/AMD;AMD;CCY;ccy_market
GBPANG=X;GBP/ANG;ANG;CCY;ccy_market
GBPAOA=X;GBP/AOA;AOA;CCY;ccy_market
GBPARS=X;GBP/ARS;ARS;CCY;ccy_market
GBPAUD=X;GBP/AUD;AUD;CCY;ccy_market
GBPAWG=X;GBP/AWG;AWG;CCY;ccy_market
GBPAZN=X;GBP/AZN;;CCY;ccy_market
GBPBAM=X;GBP/BAM;BAM;CCY;ccy_market
GBPBBD=X;GBP/BBD;BBD;CCY;ccy_market
GBPBDT=X;GBP/BDT;BDT;CCY;ccy_market
GBPBGN=X;GBP/BGN;BGN;CCY;ccy_market
GBPBHD=X;GBP/BHD;BHD;CCY;ccy_market
GBPBIF=X;GBP/BIF;BIF;CCY;ccy_market
GBPBMD=X;GBP/BMD;BMD;CCY;ccy_market
GBPBND=X;GBP/BND;BND;CCY;ccy_market
GBPBOB=X;GBP/BOB;BOB;CCY;ccy_market
GBPBRL=X;GBP/BRL;BRL;CCY;ccy_market
GBPBRX=X;GBP/BRX;;CCY;ccy_market
GBPBSD=X;GBP/BSD;BSD;CCY;ccy_market
GBPBTN=X;GBP/BTN;BTN;CCY;ccy_market
GBPBWP=X;GBP/BWP;BWP;CCY;ccy_market
GBPBYN=X;GBP/BYN;;CCY;ccy_market
GBPBZD=X;GBP/BZD;BZD;CCY;ccy_market
GBPCAD=X;GBP/CAD;CAD;CCY;ccy_market
GBPCAX=X;GBP/CAX;;CCY;ccy_market
GBPCDF=X;GBP/CDF;CDF;CCY;ccy_market
GBPCHF=X;GBP/CHF;CHF;CCY;ccy_market
GBPCLF=X;GBP/CLF;CLF;CCY;ccy_market
GBPCLP=X;GBP/CLP;CLP;CCY;ccy_market
GBPCNH=X;GBP/CNH;;CCY;ccy_market
GBPCNY=X;GBP/CNY;CNY;CCY;ccy_market
GBPCOP=X;GBP/COP;COP;CCY;ccy_market
GBPCRC=X;GBP/CRC;CRC;CCY;ccy_market
GBPCUP=X;GBP/CUP;CUP;CCY;ccy_market
GBPCVE=X;GBP/CVE;CVE;CCY;ccy_market
GBPCZK=X;GBP/CZK;CZK;CCY;ccy_market
GBPCZX=X;GBP/CZX;;CCY;ccy_market
GBPDJF=X;GBP/DJF;DJF;CCY;ccy_market
GBPDKK=X;GBP/DKK;DKK;CCY;ccy_market
GBPDKX=X;GBP/DKX;;CCY;ccy_market
GBPDOP=X;GBP/DOP;DOP;CCY;ccy_market
GBPDZD=X;GBP/DZD;DZD;CCY;ccy_market
GBPEGP=X;GBP/EGP;EGP;CCY;ccy_market
GBPERN=X;GBP/ERN;ERN;CCY;ccy_market
GBPETB=X;GBP/ETB;ETB;CCY;ccy_market
GBPEUR=X;GBP/EUR;EUR;CCY;ccy_market
GBPFJD=X;GBP/FJD;FJD;CCY;ccy_market
GBPFKP=X;GBP/FKP;FKP;CCY;ccy_market
GBPGBP=X;GBP/GBP;GBP;CCY;ccy_market
GBPGEL=X;GBP/GEL;GEL;CCY;ccy_market
GBPGHS=X;GBP/GHS;;CCY;ccy_market
GBPGIP=X;GBP/GIP;GIP;CCY;ccy_market
GBPGMD=X;GBP/GMD;GMD;CCY;ccy_market
GBPGNF=X;GBP/GNF;GNF;CCY;ccy_market
GBPGTQ=X;GBP/GTQ;GTQ;CCY;ccy_market
GBPGYD=X;GBP/GYD;GYD;CCY;ccy_market
GBPHKD=X;GBP/HKD;HKD;CCY;ccy_market
GBPHNL=X;GBP/HNL;HNL;CCY;ccy_market
GBPHRK=X;GBP/HRK;HRK;CCY;ccy_market
GBPHRX=X;GBP/HRX;;CCY;ccy_market
GBPHTG=X;GBP/HTG;HTG;CCY;ccy_market
GBPHUF=X;GBP/HUF;HUF;CCY;ccy_market
GBPHUX=X;GBP/HUX;;CCY;ccy_market
GBPIDR=X;GBP/IDR;IDR;CCY;ccy_market
GBPILS=X;GBP/ILS;ILS;CCY;ccy_market
GBPINR=X;GBP/INR;INR;CCY;ccy_market
GBPIQD=X;GBP/IQD;IQD;CCY;ccy_market
GBPIRR=X;GBP/IRR;IRR;CCY;ccy_market
GBPISK=X;GBP/ISK;ISK;CCY;ccy_market
GBPISX=X;GBP/ISX;;CCY;ccy_market
GBPJMD=X;GBP/JMD;JMD;CCY;ccy_market
GBPJOD=X;GBP/JOD;JOD;CCY;ccy_market
GBPJPY=X;GBP/JPY;JPY;CCY;ccy_market
GBPKES=X;GBP/KES;KES;CCY;ccy_market
GBPKGS=X;GBP/KGS;KGS;CCY;ccy_market
GBPKHR=X;GBP/KHR;KHR;CCY;ccy_market
GBPKMF=X;GBP/KMF;KMF;CCY;ccy_market
GBPKPW=X;GBP/KPW;KPW;CCY;ccy_market
GBPKRW=X;GBP/KRW;KRW;CCY;ccy_market
GBPKWD=X;GBP/KWD;KWD;CCY;ccy_market
GBPKYD=X;GBP/KYD;KYD;CCY;ccy_market
GBPKZT=X;GBP/KZT;KZT;CCY;ccy_market
GBPLAK=X;GBP/LAK;LAK;CCY;ccy_market
GBPLBP=X;GBP/LBP;LBP;CCY;ccy_market
GBPLKR=X;GBP/LKR;LKR;CCY;ccy_market
GBPLRD=X;GBP/LRD;LRD;CCY;ccy_market
GBPLSL=X;GBP/LSL;LSL;CCY;ccy_market
GBPLYD=X;GBP/LYD;LYD;CCY;ccy_market
GBPMAD=X;GBP/MAD;MAD;CCY;ccy_market
GBPMDL=X;GBP/MDL;MDL;CCY;ccy_market
GBPMGA=X;GBP/MGA;;CCY;ccy_market
GBPMKD=X;GBP/MKD;MKD;CCY;ccy_market
GBPMMK=X;GBP/MMK;MMK;CCY;ccy_market
GBPMNT=X;GBP/MNT;MNT;CCY;ccy_market
GBPMOP=X;GBP/MOP;MOP;CCY;ccy_market
GBPMRU=X;GBP/MRU;;CCY;ccy_market
GBPMUR=X;GBP/MUR;MUR;CCY;ccy_market
GBPMVR=X;GBP/MVR;MVR;CCY;ccy_market
GBPMWK=X;GBP/MWK;MWK;CCY;ccy_market
GBPMXN=X;GBP/MXN;MXN;CCY;ccy_market
GBPMYR=X;GBP/MYR;MYR;CCY;ccy_market
GBPMYX=X;GBP/MYX;;CCY;ccy_market
GBPMZN=X;GBP/MZN;;CCY;ccy_market
GBPNAD=X;GBP/NAD;NAD;CCY;ccy_market
GBPNGN=X;GBP/NGN;NGN;CCY;ccy_market
GBPNIO=X;GBP/NIO;NIO;CCY;ccy_market
GBPNOK=X;GBP/NOK;NOK;CCY;ccy_market
GBPNPR=X;GBP/NPR;NPR;CCY;ccy_market
GBPNZD=X;GBP/NZD;NZD;CCY;ccy_market
GBPOMR=X;GBP/OMR;OMR;CCY;ccy_market
GBPPAB=X;GBP/PAB;PAB;CCY;ccy_market
GBPPEN=X;GBP/PEN;PEN;CCY;ccy_market
GBPPGK=X;GBP/PGK;PGK;CCY;ccy_market
GBPPHP=X;GBP/PHP;PHP;CCY;ccy_market
GBPPKR=X;GBP/PKR;PKR;CCY;ccy_market
GBPPLN=X;GBP/PLN;PLN;CCY;ccy_market
GBPPLX=X;GBP/PLX;;CCY;ccy_market
GBPPYG=X;GBP/PYG;PYG;CCY;ccy_market
GBPQAR=X;GBP/QAR;QAR;CCY;ccy_market
GBPRON=X;GBP/RON;;CCY;ccy_market
GBPRSD=X;GBP/RSD;;CCY;ccy_market
GBPRUB=X;GBP/RUB;RUB;CCY;ccy_market
GBPRUX=X;GBP/RUX;;CCY;ccy_market
GBPRWF=X;GBP/RWF;RWF;CCY;ccy_market
GBPSAR=X;GBP/SAR;SAR;CCY;ccy_market
GBPSBD=X;GBP/SBD;SBD;CCY;ccy_market
GBPSCR=X;GBP/SCR;SCR;CCY;ccy_market
GBPSDG=X;GBP/SDG;;CCY;ccy_market
GBPSEK=X;GBP/SEK;SEK;CCY;ccy_market
GBPSGD=X;GBP/SGD;SGD;CCY;ccy_market
GBPSHP=X;GBP/SHP;SHP;CCY;ccy_market
GBPSLL=X;GBP/SLL;SLL;CCY;ccy_market
GBPSOS=X;GBP/SOS;SOS;CCY;ccy_market
GBPSRD=X;GBP/SRD;;CCY;ccy_market
GBPSTN=X;GBP/STN;;CCY;ccy_market
GBPSVC=X;GBP/SVC;SVC;CCY;ccy_market
GBPSYP=X;GBP/SYP;SYP;CCY;ccy_market
GBPSZL=X;GBP/SZL;SZL;CCY;ccy_market
GBPTHB=X;GBP/THB;THB;CCY;ccy_market
GBPTHX=X;GBP/THX;;CCY;ccy_market
GBPTJS=X;GBP/TJS;TJS;CCY;ccy_market
GBPTMT=X;GBP/TMT;;CCY;ccy_market
GBPTND=X;GBP/TND;TND;CCY;ccy_market
GBPTOP=X;GBP/TOP;TOP;CCY;ccy_market
GBPTRY=X;GBP/TRY;TRY;CCY;ccy_market
GBPTTD=X;GBP/TTD;TTD;CCY;ccy_market
GBPTWD=X;GBP/TWD;TWD;CCY;ccy_market
GBPTZS=X;GBP/TZS;TZS;CCY;ccy_market
GBPUAH=X;GBP/UAH;UAH;CCY;ccy_market
GBPUGX=X;GBP/UGX;UGX;CCY;ccy_market
GBPUSD=X;GBP/USD;USD;CCY;ccy_market
GBPUSY=X;GBP/USY;;CCY;ccy_market
GBPUYU=X;GBP/UYU;UYU;CCY;ccy_market
GBPUZS=X;GBP/UZS;UZS;CCY;ccy_market
GBPVES=X;GBP/VES;;CCY;ccy_market
GBPVND=X;GBP/VND;VND;CCY;ccy_market
GBPVUV=X;GBP/VUV;VUV;CCY;ccy_market
GBPWST=X;GBP/WST;WST;CCY;ccy_market
GBPXAF=X;GBP/XAF;XAF;CCY;ccy_market
GBPXCD=X;GBP/XCD;XCD;CCY;ccy_market
GBPXCU=X;GBP/XCU;;CCY;ccy_market
GBPXDR=X;GBP/XDR;;CCY;ccy_market
GBPXOF=X;GBP/XOF;XOF;CCY;ccy_market
GBPXPF=X;GBP/XPF;XPF;CCY;ccy_market
GBPYER=X;GBP/YER;YER;CCY;ccy_market
GBPZAC=X;GBP/ZAC;;CCY;ccy_market
GBPZAR=X;GBP/ZAR;ZAR;CCY;ccy_market
GBPZMW=X;GBP/ZMW;;CCY;ccy_market
GEL=X;USD/GEL;GEL;CCY;ccy_market
GELBRX=X;GEL/BRX;;CCY;ccy_market
GHS=X;USD/GHS;GHS;CCY;ccy_market
GHSAUD=X;GHS/AUD;AUD;CCY;ccy_market
GHSBRX=X;GHS/BRX;;CCY;ccy_market
GHSCAD=X;GHS/CAD;CAD;CCY;ccy_market
GHSCNY=X;GHS/CNY;CNY;CCY;ccy_market
GHSEUR=X;GHS/EUR;EUR;CCY;ccy_market
GHSGBP=X;GHS/GBP;GBP;CCY;ccy_market
GHSIDR=X;GHS/IDR;IDR;CCY;ccy_market
GHSINR=X;GHS/INR;INR;CCY;ccy_market
GHSJPY=X;GHS/JPY;JPY;CCY;ccy_market
GHSKRW=X;GHS/KRW;KRW;CCY;ccy_market
GHSNGN=X;GHS/NGN;NGN;CCY;ccy_market
GHSUSD=X;GHS/USD;USD;CCY;ccy_market
GHSZAR=X;GHS/ZAR;ZAR;CCY;ccy_market
GIP=X;USD/GIP;GIP;CCY;ccy_market
GIPBRX=X;GIP/BRX;;CCY;ccy_market
GIPUSD=X;GIP/USD;USD;CCY;ccy_market
GMD=X;USD/GMD;GMD;CCY;ccy_market
GMDBRX=X;GMD/BRX;;CCY;ccy_market
GMDGBP=X;GMD/GBP;GBP;CCY;ccy_market
GMDUSD=X;GMD/USD;USD;CCY;ccy_market
GNF=X;USD/GNF;GNF;CCY;ccy_market
GNFBRX=X;GNF/BRX;;CCY;ccy_market
GNFUSD=X;GNF/USD;USD;CCY;ccy_market
GTQ=X;USD/GTQ;GTQ;CCY;ccy_market
GTQBRX=X;GTQ/BRX;;CCY;ccy_market
GTQUSD=X;GTQ/USD;USD;CCY;ccy_market
GYD=X;USD/GYD;GYD;CCY;ccy_market
GYDBRX=X;GYD/BRX;;CCY;ccy_market
GYDUSD=X;GYD/USD;USD;CCY;ccy_market
HKD=X;USD/HKD;HKD;CCY;ccy_market
HKDAED=X;HKD/AED;AED;CCY;ccy_market
HKDAUD=X;HKD/AUD;AUD;CCY;ccy_market
HKDBDT=X;HKD/BDT;BDT;CCY;ccy_market
HKDBRL=X;HKD/BRL;BRL;CCY;ccy_market
HKDBRX=X;HKD/BRX;;CCY;ccy_market
HKDCAD=X;HKD/CAD;CAD;CCY;ccy_market
HKDCAX=X;HKD/CAX;;CCY;ccy_market
HKDCHF=X;HKD/CHF;CHF;CCY;ccy_market
HKDCNH=X;HKD/CNH;;CCY;ccy_market
HKDCNY=X;HKD/CNY;CNY;CCY;ccy_market
HKDCZX=X;HKD/CZX;;CCY;ccy_market
HKDDKK=X;HKD/DKK;DKK;CCY;ccy_market
HKDDKX=X;HKD/DKX;;CCY;ccy_market
HKDEUR=X;HKD/EUR;EUR;CCY;ccy_market
HKDGBP=X;HKD/GBP;GBP;CCY;ccy_market
HKDHUX=X;HKD/HUX;;CCY;ccy_market
HKDIDR=X;HKD/IDR;IDR;CCY;ccy_market
HKDILS=X;HKD/ILS;ILS;CCY;ccy_market
HKDINR=X;HKD/INR;INR;CCY;ccy_market
HKDJPY=X;HKD/JPY;JPY;CCY;ccy_market
HKDKRW=X;HKD/KRW;KRW;CCY;ccy_market
HKDLKR=X;HKD/LKR;LKR;CCY;ccy_market
HKDMOP=X;HKD/MOP;MOP;CCY;ccy_market
HKDMXN=X;HKD/MXN;MXN;CCY;ccy_market
HKDMYR=X;HKD/MYR;MYR;CCY;ccy_market
HKDMYX=X;HKD/MYX;;CCY;ccy_market
HKDNOK=X;HKD/NOK;NOK;CCY;ccy_market
HKDNZD=X;HKD/NZD;NZD;CCY;ccy_market
HKDOMR=X;HKD/OMR;OMR;CCY;ccy_market
HKDPHP=X;HKD/PHP;PHP;CCY;ccy_market
HKDPKR=X;HKD/PKR;PKR;CCY;ccy_market
HKDPLN=X;HKD/PLN;PLN;CCY;ccy_market
HKDPLX=X;HKD/PLX;;CCY;ccy_market
HKDRUX=X;HKD/RUX;;CCY;ccy_market
HKDSEK=X;HKD/SEK;SEK;CCY;ccy_market
HKDSGD=X;HKD/SGD;SGD;CCY;ccy_market
HKDTHB=X;HKD/THB;THB;CCY;ccy_market
HKDTHX=X;HKD/THX;;CCY;ccy_market
HKDTWD=X;HKD/TWD;TWD;CCY;ccy_market
HKDUSD=X;HKD/USD;USD;CCY;ccy_market
HKDVND=X;HKD/VND;VND;CCY;ccy_market
HKDZAR=X;HKD/ZAR;ZAR;CCY;ccy_market
HNL=X;USD/HNL;HNL;CCY;ccy_market
HNLBRX=X;HNL/BRX;;CCY;ccy_market
HNLUSD=X;HNL/USD;USD;CCY;ccy_market
HRK=X;USD/HRK;HRK;CCY;ccy_market
HRKBAM=X;HRK/BAM;BAM;CCY;ccy_market
HRKBRX=X;HRK/BRX;;CCY;ccy_market
HRKCHF=X;HRK/CHF;CHF;CCY;ccy_market
HRKCZX=X;HRK/CZX;;CCY;ccy_market
HRKDKX=X;HRK/DKX;;CCY;ccy_market
HRKEUR=X;HRK/EUR;EUR;CCY;ccy_market
HRKGBP=X;HRK/GBP;GBP;CCY;ccy_market
HRKHUX=X;HRK/HUX;;CCY;ccy_market
HRKPLX=X;HRK/PLX;;CCY;ccy_market
HRKRSD=X;HRK/RSD;;CCY;ccy_market
HRKUSD=X;HRK/USD;USD;CCY;ccy_market
HRX=X;USD/HRX;HRX;CCY;ccy_market
HTG=X;USD/HTG;HTG;CCY;ccy_market
HTGBRX=X;HTG/BRX;;CCY;ccy_market
HTGUSD=X;HTG/USD;USD;CCY;ccy_market
HUF=X;USD/HUF;HUF;CCY;ccy_market
HUFBAM=X;HUF/BAM;BAM;CCY;ccy_market
HUFBRX=X;HUF/BRX;;CCY;ccy_market
HUFCHF=X;HUF/CHF;CHF;CCY;ccy_market
HUFCZK=X;HUF/CZK;CZK;CCY;ccy_market
HUFCZX=X;HUF/CZX;;CCY;ccy_market
HUFDKK=X;HUF/DKK;DKK;CCY;ccy_market
HUFDKX=X;HUF/DKX;;CCY;ccy_market
HUFEUR=X;HUF/EUR;EUR;CCY;ccy_market
HUFGBP=X;HUF/GBP;GBP;CCY;ccy_market
HUFHRX=X;HUF/HRX;;CCY;ccy_market
HUFJPY=X;HUF/JPY;JPY;CCY;ccy_market
HUFPLX=X;HUF/PLX;;CCY;ccy_market
HUFRSD=X;HUF/RSD;;CCY;ccy_market
HUFRUX=X;HUF/RUX;;CCY;ccy_market
HUFSEK=X;HUF/SEK;SEK;CCY;ccy_market
HUFTHX=X;HUF/THX;;CCY;ccy_market
HUFUSD=X;HUF/USD;USD;CCY;ccy_market
HUX=X;USD/HUX;HUX;CCY;ccy_market
IDR=X;USD/IDR;IDR;CCY;ccy_market
IDRAUD=X;IDR/AUD;AUD;CCY;ccy_market
IDRBRL=X;IDR/BRL;BRL;CCY;ccy_market
IDRBRX=X;IDR/BRX;;CCY;ccy_market
IDRBWP=X;IDR/BWP;BWP;CCY;ccy_market
IDRCAD=X;IDR/CAD;CAD;CCY;ccy_market
IDRCAX=X;IDR/CAX;;CCY;ccy_market
IDRCHF=X;IDR/CHF;CHF;CCY;ccy_market
IDRCNY=X;IDR/CNY;CNY;CCY;ccy_market
IDRCZX=X;IDR/CZX;;CCY;ccy_market
IDRDKX=X;IDR/DKX;;CCY;ccy_market
IDREUR=X;IDR/EUR;EUR;CCY;ccy_market
IDRGBP=X;IDR/GBP;GBP;CCY;ccy_market
IDRGHS=X;IDR/GHS;;CCY;ccy_market
IDRHKD=X;IDR/HKD;HKD;CCY;ccy_market
IDRHUX=X;IDR/HUX;;CCY;ccy_market
IDRINR=X;IDR/INR;INR;CCY;ccy_market
IDRJPY=X;IDR/JPY;JPY;CCY;ccy_market
IDRKRW=X;IDR/KRW;KRW;CCY;ccy_market
IDRMYR=X;IDR/MYR;MYR;CCY;ccy_market
IDRMYX=X;IDR/MYX;;CCY;ccy_market
IDRNZD=X;IDR/NZD;NZD;CCY;ccy_market
IDRPHP=X;IDR/PHP;PHP;CCY;ccy_market
IDRPLX=X;IDR/PLX;;CCY;ccy_market
IDRSGD=X;IDR/SGD;SGD;CCY;ccy_market
IDRTHB=X;IDR/THB;THB;CCY;ccy_market
IDRTHX=X;IDR/THX;;CCY;ccy_market
IDRTWD=X;IDR/TWD;TWD;CCY;ccy_market
IDRUSD=X;IDR/USD;USD;CCY;ccy_market
IDRXCU=X;IDR/XCU;;CCY;ccy_market
IDRZAR=X;IDR/ZAR;ZAR;CCY;ccy_market
ILS=X;USD/ILS;ILS;CCY;ccy_market
ILSBRL=X;ILS/BRL;BRL;CCY;ccy_market
ILSBRX=X;ILS/BRX;;CCY;ccy_market
ILSCHF=X;ILS/CHF;CHF;CCY;ccy_market
ILSCZX=X;ILS/CZX;;CCY;ccy_market
ILSDKX=X;ILS/DKX;;CCY;ccy_market
ILSEUR=X;ILS/EUR;EUR;CCY;ccy_market
ILSGBP=X;ILS/GBP;GBP;CCY;ccy_market
ILSHKD=X;ILS/HKD;HKD;CCY;ccy_market
ILSHUX=X;ILS/HUX;;CCY;ccy_market
ILSJPY=X;ILS/JPY;JPY;CCY;ccy_market
ILSPLN=X;ILS/PLN;PLN;CCY;ccy_market
ILSPLX=X;ILS/PLX;;CCY;ccy_market
ILSSGD=X;ILS/SGD;SGD;CCY;ccy_market
ILSTHX=X;ILS/THX;;CCY;ccy_market
ILSUSD=X;ILS/USD;USD;CCY;ccy_market
ILSXDR=X;ILS/XDR;;CCY;ccy_market
INR=X;USD/INR;INR;CCY;ccy_market
INRAED=X;INR/AED;AED;CCY;ccy_market
INRAUD=X;INR/AUD;AUD;CCY;ccy_market
INRBRL=X;INR/BRL;BRL;CCY;ccy_market
INRBRX=X;INR/BRX;;CCY;ccy_market
INRBWP=X;INR/BWP;BWP;CCY;ccy_market
INRCAD=X;INR/CAD;CAD;CCY;ccy_market
INRCAX=X;INR/CAX;;CCY;ccy_market
INRCHF=X;INR/CHF;CHF;CCY;ccy_market
INRCNY=X;INR/CNY;CNY;CCY;ccy_market
INRCZX=X;INR/CZX;;CCY;ccy_market
INRDKX=X;INR/DKX;;CCY;ccy_market
INREUR=X;INR/EUR;EUR;CCY;ccy_market
INRGBP=X;INR/GBP;GBP;CCY;ccy_market
INRGHS=X;INR/GHS;;CCY;ccy_market
INRHKD=X;INR/HKD;HKD;CCY;ccy_market
INRHUX=X;INR/HUX;;CCY;ccy_market
INRIDR=X;INR/IDR;IDR;CCY;ccy_market
INRJPY=X;INR/JPY;JPY;CCY;ccy_market
INRKRW=X;INR/KRW;KRW;CCY;ccy_market
INRMYR=X;INR/MYR;MYR;CCY;ccy_market
INRMYX=X;INR/MYX;;CCY;ccy_market
INRNZD=X;INR/NZD;NZD;CCY;ccy_market
INROMR=X;INR/OMR;OMR;CCY;ccy_market
INRPHP=X;INR/PHP;PHP;CCY;ccy_market
INRPKR=X;INR/PKR;PKR;CCY;ccy_market
INRPLN=X;INR/PLN;PLN;CCY;ccy_market
INRPLX=X;INR/PLX;;CCY;ccy_market
INRRUB=X;INR/RUB;RUB;CCY;ccy_market
INRRUX=X;INR/RUX;;CCY;ccy_market
INRSGD=X;INR/SGD;SGD;CCY;ccy_market
INRTHB=X;INR/THB;THB;CCY;ccy_market
INRTHX=X;INR/THX;;CCY;ccy_market
INRTWD=X;INR/TWD;TWD;CCY;ccy_market
INRUSD=X;INR/USD;USD;CCY;ccy_market
INRXCU=X;INR/XCU;;CCY;ccy_market
INRXDR=X;INR/XDR;;CCY;ccy_market
INRZAR=X;INR/ZAR;ZAR;CCY;ccy_market
IQD=X;USD/IQD;IQD;CCY;ccy_market
IQDBRX=X;IQD/BRX;;CCY;ccy_market
IQDTHX=X;IQD/THX;;CCY;ccy_market
IQDUSD=X;IQD/USD;USD;CCY;ccy_market
IRR=X;USD/IRR;IRR;CCY;ccy_market
IRRBRX=X;IRR/BRX;;CCY;ccy_market
IRRJPY=X;IRR/JPY;;CCY;ccy_market
IRRUSD=X;IRR/USD;USD;CCY;ccy_market
ISK=X;USD/ISK;ISK;CCY;ccy_market
ISKBRX=X;ISK/BRX;;CCY;ccy_market
ISKCHF=X;ISK/CHF;CHF;CCY;ccy_market
ISKDKK=X;ISK/DKK;DKK;CCY;ccy_market
ISKDKX=X;ISK/DKX;;CCY;ccy_market
ISKEUR=X;ISK/EUR;EUR;CCY;ccy_market
ISKGBP=X;ISK/GBP;GBP;CCY;ccy_market
ISKHUX=X;ISK/HUX;;CCY;ccy_market
ISKPLX=X;ISK/PLX;;CCY;ccy_market
ISKUSD=X;ISK/USD;USD;CCY;ccy_market
ISX=X;USD/ISX;ISX;CCY;ccy_market
JMD=X;USD/JMD;JMD;CCY;ccy_market
JMDBRX=X;JMD/BRX;;CCY;ccy_market
JMDGBP=X;JMD/GBP;GBP;CCY;ccy_market
JMDUSD=X;JMD/USD;USD;CCY;ccy_market
JOD=X;USD/JOD;JOD;CCY;ccy_market
JODBRX=X;JOD/BRX;;CCY;ccy_market
JODEUR=X;JOD/EUR;EUR;CCY;ccy_market
JODGBP=X;JOD/GBP;GBP;CCY;ccy_market
JODTHX=X;JOD/THX;;CCY;ccy_market
JODUSD=X;JOD/USD;USD;CCY;ccy_market
JPY=X;USD/JPY;JPY;CCY;ccy_market
JPYAED=X;JPY/AED;AED;CCY;ccy_market
JPYAFN=X;JPY/AFN;;CCY;ccy_market
JPYALL=X;JPY/ALL;ALL;CCY;ccy_market
JPYAMD=X;JPY/AMD;AMD;CCY;ccy_market
JPYANG=X;JPY/ANG;ANG;CCY;ccy_market
JPYAOA=X;JPY/AOA;AOA;CCY;ccy_market
JPYARS=X;JPY/ARS;ARS;CCY;ccy_market
JPYAUD=X;JPY/AUD;AUD;CCY;ccy_market
JPYAWG=X;JPY/AWG;AWG;CCY;ccy_market
JPYAZN=X;JPY/AZN;;CCY;ccy_market
JPYBAM=X;JPY/BAM;BAM;CCY;ccy_market
JPYBBD=X;JPY/BBD;BBD;CCY;ccy_market
JPYBDT=X;JPY/BDT;BDT;CCY;ccy_market
JPYBGN=X;JPY/BGN;BGN;CCY;ccy_market
JPYBHD=X;JPY/BHD;BHD;CCY;ccy_market
JPYBIF=X;JPY/BIF;BIF;CCY;ccy_market
JPYBMD=X;JPY/BMD;BMD;CCY;ccy_market
JPYBND=X;JPY/BND;BND;CCY;ccy_market
JPYBOB=X;JPY/BOB;BOB;CCY;ccy_market
JPYBRL=X;JPY/BRL;BRL;CCY;ccy_market
JPYBRX=X;JPY/BRX;;CCY;ccy_market
JPYBSD=X;JPY/BSD;BSD;CCY;ccy_market
JPYBTN=X;JPY/BTN;BTN;CCY;ccy_market
JPYBWP=X;JPY/BWP;BWP;CCY;ccy_market
JPYBYN=X;JPY/BYN;;CCY;ccy_market
JPYBZD=X;JPY/BZD;BZD;CCY;ccy_market
JPYCAD=X;JPY/CAD;CAD;CCY;ccy_market
JPYCAX=X;JPY/CAX;;CCY;ccy_market
JPYCDF=X;JPY/CDF;CDF;CCY;ccy_market
JPYCHF=X;JPY/CHF;CHF;CCY;ccy_market
JPYCLF=X;JPY/CLF;CLF;CCY;ccy_market
JPYCLP=X;JPY/CLP;CLP;CCY;ccy_market
JPYCNH=X;JPY/CNH;;CCY;ccy_market
JPYCNY=X;JPY/CNY;CNY;CCY;ccy_market
JPYCOP=X;JPY/COP;COP;CCY;ccy_market
JPYCRC=X;JPY/CRC;CRC;CCY;ccy_market
JPYCUP=X;JPY/CUP;CUP;CCY;ccy_market
JPYCVE=X;JPY/CVE;CVE;CCY;ccy_market
JPYCZK=X;JPY/CZK;CZK;CCY;ccy_market
JPYCZX=X;JPY/CZX;;CCY;ccy_market
JPYDJF=X;JPY/DJF;DJF;CCY;ccy_market
JPYDKK=X;JPY/DKK;DKK;CCY;ccy_market
JPYDKX=X;JPY/DKX;;CCY;ccy_market
JPYDOP=X;JPY/DOP;DOP;CCY;ccy_market
JPYDZD=X;JPY/DZD;DZD;CCY;ccy_market
JPYEGP=X;JPY/EGP;EGP;CCY;ccy_market
JPYERN=X;JPY/ERN;ERN;CCY;ccy_market
JPYETB=X;JPY/ETB;ETB;CCY;ccy_market
JPYEUR=X;JPY/EUR;EUR;CCY;ccy_market
JPYFJD=X;JPY/FJD;FJD;CCY;ccy_market
JPYFKP=X;JPY/FKP;FKP;CCY;ccy_market
JPYGBP=X;JPY/GBP;GBP;CCY;ccy_market
JPYGEL=X;JPY/GEL;GEL;CCY;ccy_market
JPYGHS=X;JPY/GHS;;CCY;ccy_market
JPYGIP=X;JPY/GIP;GIP;CCY;ccy_market
JPYGMD=X;JPY/GMD;GMD;CCY;ccy_market
JPYGNF=X;JPY/GNF;GNF;CCY;ccy_market
JPYGTQ=X;JPY/GTQ;GTQ;CCY;ccy_market
JPYGYD=X;JPY/GYD;GYD;CCY;ccy_market
JPYHKD=X;JPY/HKD;HKD;CCY;ccy_market
JPYHNL=X;JPY/HNL;HNL;CCY;ccy_market
JPYHRK=X;JPY/HRK;HRK;CCY;ccy_market
JPYHRX=X;JPY/HRX;;CCY;ccy_market
JPYHTG=X;JPY/HTG;HTG;CCY;ccy_market
JPYHUF=X;JPY/HUF;HUF;CCY;ccy_market
JPYHUX=X;JPY/HUX;;CCY;ccy_market
JPYIDR=X;JPY/IDR;IDR;CCY;ccy_market
JPYILS=X;JPY/ILS;ILS;CCY;ccy_market
JPYINR=X;JPY/INR;INR;CCY;ccy_market
JPYIQD=X;JPY/IQD;IQD;CCY;ccy_market
JPYIRR=X;JPY/IRR;IRR;CCY;ccy_market
JPYISK=X;JPY/ISK;ISK;CCY;ccy_market
JPYISX=X;JPY/ISX;;CCY;ccy_market
JPYJMD=X;JPY/JMD;JMD;CCY;ccy_market
JPYJOD=X;JPY/JOD;JOD;CCY;ccy_market
JPYKES=X;JPY/KES;KES;CCY;ccy_market
JPYKGS=X;JPY/KGS;KGS;CCY;ccy_market
JPYKHR=X;JPY/KHR;KHR;CCY;ccy_market
JPYKMF=X;JPY/KMF;KMF;CCY;ccy_market
JPYKPW=X;JPY/KPW;KPW;CCY;ccy_market
JPYKRW=X;JPY/KRW;KRW;CCY;ccy_market
JPYKWD=X;JPY/KWD;KWD;CCY;ccy_market
JPYKYD=X;JPY/KYD;KYD;CCY;ccy_market
JPYKZT=X;JPY/KZT;KZT;CCY;ccy_market
JPYLAK=X;JPY/LAK;LAK;CCY;ccy_market
JPYLBP=X;JPY/LBP;LBP;CCY;ccy_market
JPYLKR=X;JPY/LKR;LKR;CCY;ccy_market
JPYLRD=X;JPY/LRD;LRD;CCY;ccy_market
JPYLSL=X;JPY/LSL;LSL;CCY;ccy_market
JPYLYD=X;JPY/LYD;LYD;CCY;ccy_market
JPYMAD=X;JPY/MAD;MAD;CCY;ccy_market
JPYMDL=X;JPY/MDL;MDL;CCY;ccy_market
JPYMGA=X;JPY/MGA;;CCY;ccy_market
JPYMKD=X;JPY/MKD;MKD;CCY;ccy_market
JPYMMK=X;JPY/MMK;MMK;CCY;ccy_market
JPYMNT=X;JPY/MNT;MNT;CCY;ccy_market
JPYMOP=X;JPY/MOP;MOP;CCY;ccy_market
JPYMRU=X;JPY/MRU;;CCY;ccy_market
JPYMUR=X;JPY/MUR;MUR;CCY;ccy_market
JPYMVR=X;JPY/MVR;MVR;CCY;ccy_market
JPYMWK=X;JPY/MWK;MWK;CCY;ccy_market
JPYMXN=X;JPY/MXN;MXN;CCY;ccy_market
JPYMXX=X;JPY/MXX;;CCY;ccy_market
JPYMYR=X;JPY/MYR;MYR;CCY;ccy_market
JPYMYX=X;JPY/MYX;;CCY;ccy_market
JPYMZN=X;JPY/MZN;;CCY;ccy_market
JPYNAD=X;JPY/NAD;NAD;CCY;ccy_market
JPYNGN=X;JPY/NGN;NGN;CCY;ccy_market
JPYNIO=X;JPY/NIO;NIO;CCY;ccy_market
JPYNOK=X;JPY/NOK;NOK;CCY;ccy_market
JPYNPR=X;JPY/NPR;NPR;CCY;ccy_market
JPYNZD=X;JPY/NZD;NZD;CCY;ccy_market
JPYOMR=X;JPY/OMR;OMR;CCY;ccy_market
JPYPAB=X;JPY/PAB;PAB;CCY;ccy_market
JPYPEN=X;JPY/PEN;PEN;CCY;ccy_market
JPYPGK=X;JPY/PGK;PGK;CCY;ccy_market
JPYPHP=X;JPY/PHP;PHP;CCY;ccy_market
JPYPKR=X;JPY/PKR;PKR;CCY;ccy_market
JPYPLN=X;JPY/PLN;PLN;CCY;ccy_market
JPYPLX=X;JPY/PLX;;CCY;ccy_market
JPYPYG=X;JPY/PYG;PYG;CCY;ccy_market
JPYQAR=X;JPY/QAR;QAR;CCY;ccy_market
JPYRON=X;JPY/RON;;CCY;ccy_market
JPYRSD=X;JPY/RSD;;CCY;ccy_market
JPYRUB=X;JPY/RUB;RUB;CCY;ccy_market
JPYRUX=X;JPY/RUX;;CCY;ccy_market
JPYRWF=X;JPY/RWF;RWF;CCY;ccy_market
JPYSAR=X;JPY/SAR;SAR;CCY;ccy_market
JPYSBD=X;JPY/SBD;SBD;CCY;ccy_market
JPYSCR=X;JPY/SCR;SCR;CCY;ccy_market
JPYSDG=X;JPY/SDG;;CCY;ccy_market
JPYSEK=X;JPY/SEK;SEK;CCY;ccy_market
JPYSGD=X;JPY/SGD;SGD;CCY;ccy_market
JPYSHP=X;JPY/SHP;SHP;CCY;ccy_market
JPYSLL=X;JPY/SLL;SLL;CCY;ccy_market
JPYSOS=X;JPY/SOS;SOS;CCY;ccy_market
JPYSRD=X;JPY/SRD;;CCY;ccy_market
JPYSTN=X;JPY/STN;;CCY;ccy_market
JPYSVC=X;JPY/SVC;SVC;CCY;ccy_market
JPYSYP=X;JPY/SYP;SYP;CCY;ccy_market
JPYSZL=X;JPY/SZL;SZL;CCY;ccy_market
JPYTHB=X;JPY/THB;THB;CCY;ccy_market
JPYTHX=X;JPY/THX;;CCY;ccy_market
JPYTJS=X;JPY/TJS;TJS;CCY;ccy_market
JPYTMT=X;JPY/TMT;;CCY;ccy_market
JPYTND=X;JPY/TND;TND;CCY;ccy_market
JPYTOP=X;JPY/TOP;TOP;CCY;ccy_market
JPYTRY=X;JPY/TRY;TRY;CCY;ccy_market
JPYTTD=X;JPY/TTD;TTD;CCY;ccy_market
JPYTWD=X;JPY/TWD;TWD;CCY;ccy_market
JPYTZS=X;JPY/TZS;TZS;CCY;ccy_market
JPYUAH=X;JPY/UAH;UAH;CCY;ccy_market
JPYUGX=X;JPY/UGX;UGX;CCY;ccy_market
JPYUSD=X;JPY/USD;USD;CCY;ccy_market
JPYUYU=X;JPY/UYU;UYU;CCY;ccy_market
JPYUZS=X;JPY/UZS;UZS;CCY;ccy_market
JPYVES=X;JPY/VES;;CCY;ccy_market
JPYVND=X;JPY/VND;VND;CCY;ccy_market
JPYVUV=X;JPY/VUV;VUV;CCY;ccy_market
JPYWST=X;JPY/WST;WST;CCY;ccy_market
JPYXAF=X;JPY/XAF;XAF;CCY;ccy_market
JPYXCD=X;JPY/XCD;XCD;CCY;ccy_market
JPYXCU=X;JPY/XCU;;CCY;ccy_market
JPYXDR=X;JPY/XDR;;CCY;ccy_market
JPYXOF=X;JPY/XOF;XOF;CCY;ccy_market
JPYXPF=X;JPY/XPF;XPF;CCY;ccy_market
JPYYER=X;JPY/YER;YER;CCY;ccy_market
JPYZAR=X;JPY/ZAR;ZAR;CCY;ccy_market
JPYZMW=X;JPY/ZMW;;CCY;ccy_market
KES=X;USD/KES;KES;CCY;ccy_market
KESBRX=X;KES/BRX;;CCY;ccy_market
KESEUR=X;KES/EUR;EUR;CCY;ccy_market
KESGBP=X;KES/GBP;GBP;CCY;ccy_market
KESOMR=X;KES/OMR;OMR;CCY;ccy_market
KESTHX=X;KES/THX;;CCY;ccy_market
KESUSD=X;KES/USD;USD;CCY;ccy_market
KESZAR=X;KES/ZAR;ZAR;CCY;ccy_market
KGS=X;USD/KGS;KGS;CCY;ccy_market
KGSBRX=X;KGS/BRX;;CCY;ccy_market
KGSRUX=X;KGS/RUX;;CCY;ccy_market
KHR=X;USD/KHR;KHR;CCY;ccy_market
KHRBRX=X;KHR/BRX;;CCY;ccy_market
KHRMYX=X;KHR/MYX;;CCY;ccy_market
KHRSGD=X;KHR/SGD;;CCY;ccy_market
KHRTHX=X;KHR/THX;;CCY;ccy_market
KHRUSD=X;KHR/USD;USD;CCY;ccy_market
KMF=X;USD/KMF;KMF;CCY;ccy_market
KMFBRX=X;KMF/BRX;;CCY;ccy_market
KMFUSD=X;KMF/USD;USD;CCY;ccy_market
KPW=X;USD/KPW;KPW;CCY;ccy_market
KRW=X;USD/KRW;KRW;CCY;ccy_market
KRWAED=X;KRW/AED;AED;CCY;ccy_market
KRWAUD=X;KRW/AUD;AUD;CCY;ccy_market
KRWBRL=X;KRW/BRL;;CCY;ccy_market
KRWBRX=X;KRW/BRX;;CCY;ccy_market
KRWBWP=X;KRW/BWP;BWP;CCY;ccy_market
KRWCAD=X;KRW/CAD;CAD;CCY;ccy_market
KRWCAX=X;KRW/CAX;;CCY;ccy_market
KRWCHF=X;KRW/CHF;CHF;CCY;ccy_market
KRWCNY=X;KRW/CNY;CNY;CCY;ccy_market
KRWCRC=X;KRW/CRC;CRC;CCY;ccy_market
KRWCZX=X;KRW/CZX;;CCY;ccy_market
KRWDKX=X;KRW/DKX;;CCY;ccy_market
KRWEUR=X;KRW/EUR;EUR;CCY;ccy_market
KRWGBP=X;KRW/GBP;GBP;CCY;ccy_market
KRWGHS=X;KRW/GHS;;CCY;ccy_market
KRWHKD=X;KRW/HKD;HKD;CCY;ccy_market
KRWHUX=X;KRW/HUX;;CCY;ccy_market
KRWIDR=X;KRW/IDR;IDR;CCY;ccy_market
KRWINR=X;KRW/INR;INR;CCY;ccy_market
KRWJPY=X;KRW/JPY;JPY;CCY;ccy_market
KRWMYR=X;KRW/MYR;MYR;CCY;ccy_market
KRWMYX=X;KRW/MYX;;CCY;ccy_market
KRWNZD=X;KRW/NZD;NZD;CCY;ccy_market
KRWPHP=X;KRW/PHP;PHP;CCY;ccy_market
KRWPKR=X;KRW/PKR;PKR;CCY;ccy_market
KRWPLX=X;KRW/PLX;;CCY;ccy_market
KRWRUX=X;KRW/RUX;;CCY;ccy_market
KRWSEK=X;KRW/SEK;SEK;CCY;ccy_market
KRWSGD=X;KRW/SGD;SGD;CCY;ccy_market
KRWTHB=X;KRW/THB;THB;CCY;ccy_market
KRWTHX=X;KRW/THX;;CCY;ccy_market
KRWTWD=X;KRW/TWD;TWD;CCY;ccy_market
KRWUSD=X;KRW/USD;USD;CCY;ccy_market
KRWXCU=X;KRW/XCU;;CCY;ccy_market
KRWXDR=X;KRW/XDR;;CCY;ccy_market
KRWZAR=X;KRW/ZAR;ZAR;CCY;ccy_market
KWD=X;USD/KWD;KWD;CCY;ccy_market
KWDBRX=X;KWD/BRX;;CCY;ccy_market
KWDEUR=X;KWD/EUR;EUR;CCY;ccy_market
KWDGBP=X;KWD/GBP;GBP;CCY;ccy_market
KWDHKD=X;KWD/HKD;HKD;CCY;ccy_market
KWDJPY=X;KWD/JPY;JPY;CCY;ccy_market
KWDPKR=X;KWD/PKR;PKR;CCY;ccy_market
KWDRSD=X;KWD/RSD;;CCY;ccy_market
KWDSGD=X;KWD/SGD;SGD;CCY;ccy_market
KWDTHX=X;KWD/THX;;CCY;ccy_market
KWDUSD=X;KWD/USD;USD;CCY;ccy_market
KWDXDR=X;KWD/XDR;;CCY;ccy_market
KYD=X;USD/KYD;KYD;CCY;ccy_market
KYDBRX=X;KYD/BRX;;CCY;ccy_market
KYDEUR=X;KYD/EUR;EUR;CCY;ccy_market
KYDGBP=X;KYD/GBP;GBP;CCY;ccy_market
KYDUSD=X;KYD/USD;USD;CCY;ccy_market
KZT=X;USD/KZT;KZT;CCY;ccy_market
KZTBRX=X;KZT/BRX;;CCY;ccy_market
KZTEUR=X;KZT/EUR;EUR;CCY;ccy_market
KZTGBP=X;KZT/GBP;GBP;CCY;ccy_market
KZTRUX=X;KZT/RUX;;CCY;ccy_market
KZTUSD=X;KZT/USD;USD;CCY;ccy_market
LAK=X;USD/LAK;LAK;CCY;ccy_market
LAKBRX=X;LAK/BRX;;CCY;ccy_market
LAKTHX=X;LAK/THX;;CCY;ccy_market
LAKUSD=X;LAK/USD;USD;CCY;ccy_market
LBP=X;USD/LBP;LBP;CCY;ccy_market
LBPBRX=X;LBP/BRX;;CCY;ccy_market
LBPGBP=X;LBP/GBP;GBP;CCY;ccy_market
LBPUSD=X;LBP/USD;USD;CCY;ccy_market
LKR=X;USD/LKR;LKR;CCY;ccy_market
LKRAED=X;LKR/AED;AED;CCY;ccy_market
LKRAUD=X;LKR/AUD;AUD;CCY;ccy_market
LKRBRX=X;LKR/BRX;;CCY;ccy_market
LKRCAD=X;LKR/CAD;CAD;CCY;ccy_market
LKRCHF=X;LKR/CHF;CHF;CCY;ccy_market
LKRCNY=X;LKR/CNY;CNY;CCY;ccy_market
LKRDKK=X;LKR/DKK;DKK;CCY;ccy_market
LKREUR=X;LKR/EUR;EUR;CCY;ccy_market
LKRGBP=X;LKR/GBP;GBP;CCY;ccy_market
LKRHKD=X;LKR/HKD;HKD;CCY;ccy_market
LKRJPY=X;LKR/JPY;JPY;CCY;ccy_market
LKRNOK=X;LKR/NOK;NOK;CCY;ccy_market
LKRNZD=X;LKR/NZD;NZD;CCY;ccy_market
LKRSAR=X;LKR/SAR;SAR;CCY;ccy_market
LKRSEK=X;LKR/SEK;SEK;CCY;ccy_market
LKRSGD=X;LKR/SGD;SGD;CCY;ccy_market
LKRTHX=X;LKR/THX;;CCY;ccy_market
LKRUSD=X;LKR/USD;USD;CCY;ccy_market
LKRZAR=X;LKR/ZAR;ZAR;CCY;ccy_market
LRD=X;USD/LRD;LRD;CCY;ccy_market
LRDBRX=X;LRD/BRX;;CCY;ccy_market
LRDUSD=X;LRD/USD;USD;CCY;ccy_market
LSL=X;USD/LSL;LSL;CCY;ccy_market
LSLBRX=X;LSL/BRX;;CCY;ccy_market
LSLUSD=X;LSL/USD;USD;CCY;ccy_market
LSLZAR=X;LSL/ZAR;;CCY;ccy_market
LYD=X;USD/LYD;LYD;CCY;ccy_market
LYDBRX=X;LYD/BRX;;CCY;ccy_market
MAD=X;USD/MAD;MAD;CCY;ccy_market
MADBRX=X;MAD/BRX;;CCY;ccy_market
MADEUR=X;MAD/EUR;EUR;CCY;ccy_market
MADGBP=X;MAD/GBP;GBP;CCY;ccy_market
MADUSD=X;MAD/USD;USD;CCY;ccy_market
MDL=X;USD/MDL;MDL;CCY;ccy_market
MDLBRX=X;MDL/BRX;;CCY;ccy_market
MDLRUX=X;MDL/RUX;;CCY;ccy_market
MGA=X;USD/MGA;MGA;CCY;ccy_market
MGABRX=X;MGA/BRX;;CCY;ccy_market
MGAUSD=X;MGA/USD;USD;CCY;ccy_market
MKD=X;USD/MKD;MKD;CCY;ccy_market
MKDBRX=X;MKD/BRX;;CCY;ccy_market
MKDGBP=X;MKD/GBP;GBP;CCY;ccy_market
MMK=X;USD/MMK;MMK;CCY;ccy_market
MMKBRX=X;MMK/BRX;;CCY;ccy_market
MMKMYX=X;MMK/MYX;;CCY;ccy_market
MMKTHX=X;MMK/THX;;CCY;ccy_market
MMKUSD=X;MMK/USD;USD;CCY;ccy_market
MNT=X;USD/MNT;MNT;CCY;ccy_market
MNTBRX=X;MNT/BRX;;CCY;ccy_market
MNTUSD=X;MNT/USD;USD;CCY;ccy_market
MOP=X;USD/MOP;MOP;CCY;ccy_market
MOPBRX=X;MOP/BRX;;CCY;ccy_market
MOPHKD=X;MOP/HKD;HKD;CCY;ccy_market
MOPSGD=X;MOP/SGD;SGD;CCY;ccy_market
MOPUSD=X;MOP/USD;USD;CCY;ccy_market
MRU=X;USD/MRU;MRU;CCY;ccy_market
MRUBRX=X;MRU/BRX;;CCY;ccy_market
MRUUSD=X;MRU/USD;USD;CCY;ccy_market
MUR=X;USD/MUR;MUR;CCY;ccy_market
MURBRX=X;MUR/BRX;;CCY;ccy_market
MURCHF=X;MUR/CHF;CHF;CCY;ccy_market
MUREUR=X;MUR/EUR;EUR;CCY;ccy_market
MURGBP=X;MUR/GBP;GBP;CCY;ccy_market
MURUSD=X;MUR/USD;USD;CCY;ccy_market
MURXDR=X;MUR/XDR;;CCY;ccy_market
MVR=X;USD/MVR;MVR;CCY;ccy_market
MVRBRX=X;MVR/BRX;;CCY;ccy_market
MVRTHX=X;MVR/THX;;CCY;ccy_market
MWK=X;USD/MWK;MWK;CCY;ccy_market
MWKBRX=X;MWK/BRX;;CCY;ccy_market
MWKGBP=X;MWK/GBP;GBP;CCY;ccy_market
MWKUSD=X;MWK/USD;USD;CCY;ccy_market
MXN=X;USD/MXN;MXN;CCY;ccy_market
MXNAUD=X;MXN/AUD;AUD;CCY;ccy_market
MXNBRL=X;MXN/BRL;BRL;CCY;ccy_market
MXNBRX=X;MXN/BRX;;CCY;ccy_market
MXNCAD=X;MXN/CAD;CAD;CCY;ccy_market
MXNCAX=X;MXN/CAX;;CCY;ccy_market
MXNCHF=X;MXN/CHF;CHF;CCY;ccy_market
MXNCZX=X;MXN/CZX;;CCY;ccy_market
MXNDKK=X;MXN/DKK;DKK;CCY;ccy_market
MXNDKX=X;MXN/DKX;;CCY;ccy_market
MXNEUR=X;MXN/EUR;EUR;CCY;ccy_market
MXNGBP=X;MXN/GBP;GBP;CCY;ccy_market
MXNHKD=X;MXN/HKD;HKD;CCY;ccy_market
MXNHUX=X;MXN/HUX;;CCY;ccy_market
MXNJPY=X;MXN/JPY;JPY;CCY;ccy_market
MXNPLX=X;MXN/PLX;;CCY;ccy_market
MXNSGD=X;MXN/SGD;SGD;CCY;ccy_market
MXNTHX=X;MXN/THX;;CCY;ccy_market
MXNUSD=X;MXN/USD;USD;CCY;ccy_market
MXNXCU=X;MXN/XCU;;CCY;ccy_market
MXNXDR=X;MXN/XDR;;CCY;ccy_market
MXNZAR=X;MXN/ZAR;ZAR;CCY;ccy_market
MXV=X;USD/MXV;MXV;CCY;ccy_market
MXVMXN=X;MXV/MXN;MXN;CCY;ccy_market
MXX=X;USD/MXX;MXX;CCY;ccy_market
MYR=X;USD/MYR;MYR;CCY;ccy_market
MYRAUD=X;MYR/AUD;AUD;CCY;ccy_market
MYRBRL=X;MYR/BRL;BRL;CCY;ccy_market
MYRBRX=X;MYR/BRX;;CCY;ccy_market
MYRCAD=X;MYR/CAD;CAD;CCY;ccy_market
MYRCHF=X;MYR/CHF;CHF;CCY;ccy_market
MYRCNH=X;MYR/CNH;;CCY;ccy_market
MYRCNY=X;MYR/CNY;CNY;CCY;ccy_market
MYRCZX=X;MYR/CZX;;CCY;ccy_market
MYRDKX=X;MYR/DKX;;CCY;ccy_market
MYREUR=X;MYR/EUR;EUR;CCY;ccy_market
MYRGBP=X;MYR/GBP;GBP;CCY;ccy_market
MYRHKD=X;MYR/HKD;HKD;CCY;ccy_market
MYRHUX=X;MYR/HUX;;CCY;ccy_market
MYRIDR=X;MYR/IDR;IDR;CCY;ccy_market
MYRINR=X;MYR/INR;INR;CCY;ccy_market
MYRJPY=X;MYR/JPY;JPY;CCY;ccy_market
MYRKRW=X;MYR/KRW;KRW;CCY;ccy_market
MYRNZD=X;MYR/NZD;NZD;CCY;ccy_market
MYRPHP=X;MYR/PHP;PHP;CCY;ccy_market
MYRPKR=X;MYR/PKR;PKR;CCY;ccy_market
MYRPLX=X;MYR/PLX;;CCY;ccy_market
MYRRUB=X;MYR/RUB;RUB;CCY;ccy_market
MYRSEK=X;MYR/SEK;SEK;CCY;ccy_market
MYRSGD=X;MYR/SGD;SGD;CCY;ccy_market
MYRTHB=X;MYR/THB;THB;CCY;ccy_market
MYRTHX=X;MYR/THX;;CCY;ccy_market
MYRTND=X;MYR/TND;TND;CCY;ccy_market
MYRTWD=X;MYR/TWD;TWD;CCY;ccy_market
MYRUSD=X;MYR/USD;USD;CCY;ccy_market
MYRXDR=X;MYR/XDR;;CCY;ccy_market
MYRZAR=X;MYR/ZAR;ZAR;CCY;ccy_market
MYX=X;USD/MYX;MYX;CCY;ccy_market
MZN=X;USD/MZN;MZN;CCY;ccy_market
MZNBRX=X;MZN/BRX;;CCY;ccy_market
MZNUSD=X;MZN/USD;USD;CCY;ccy_market
NAD=X;USD/NAD;NAD;CCY;ccy_market
NADBRX=X;NAD/BRX;;CCY;ccy_market
NADEUR=X;NAD/EUR;EUR;CCY;ccy_market
NADGBP=X;NAD/GBP;GBP;CCY;ccy_market
NADUSD=X;NAD/USD;USD;CCY;ccy_market
NADZAR=X;NAD/ZAR;ZAR;CCY;ccy_market
NGN=X;USD/NGN;NGN;CCY;ccy_market
NGNBRX=X;NGN/BRX;;CCY;ccy_market
NGNEUR=X;NGN/EUR;EUR;CCY;ccy_market
NGNGBP=X;NGN/GBP;GBP;CCY;ccy_market
NGNJPY=X;NGN/JPY;;CCY;ccy_market
NGNUSD=X;NGN/USD;USD;CCY;ccy_market
NIO=X;USD/NIO;NIO;CCY;ccy_market
NIOBRX=X;NIO/BRX;;CCY;ccy_market
NIOUSD=X;NIO/USD;USD;CCY;ccy_market
NOK=X;USD/NOK;NOK;CCY;ccy_market
NOKAED=X;NOK/AED;AED;CCY;ccy_market
NOKAUD=X;NOK/AUD;AUD;CCY;ccy_market
NOKBAM=X;NOK/BAM;BAM;CCY;ccy_market
NOKBRL=X;NOK/BRL;BRL;CCY;ccy_market
NOKBRX=X;NOK/BRX;;CCY;ccy_market
NOKCAD=X;NOK/CAD;CAD;CCY;ccy_market
NOKCAX=X;NOK/CAX;;CCY;ccy_market
NOKCHF=X;NOK/CHF;CHF;CCY;ccy_market
NOKCNH=X;NOK/CNH;;CCY;ccy_market
NOKCZK=X;NOK/CZK;CZK;CCY;ccy_market
NOKCZX=X;NOK/CZX;;CCY;ccy_market
NOKDKK=X;NOK/DKK;DKK;CCY;ccy_market
NOKDKX=X;NOK/DKX;;CCY;ccy_market
NOKEUR=X;NOK/EUR;EUR;CCY;ccy_market
NOKGBP=X;NOK/GBP;GBP;CCY;ccy_market
NOKHKD=X;NOK/HKD;HKD;CCY;ccy_market
NOKHRX=X;NOK/HRX;;CCY;ccy_market
NOKHUX=X;NOK/HUX;;CCY;ccy_market
NOKISK=X;NOK/ISK;ISK;CCY;ccy_market
NOKISX=X;NOK/ISX;;CCY;ccy_market
NOKJPY=X;NOK/JPY;JPY;CCY;ccy_market
NOKLKR=X;NOK/LKR;LKR;CCY;ccy_market
NOKNZD=X;NOK/NZD;NZD;CCY;ccy_market
NOKPKR=X;NOK/PKR;PKR;CCY;ccy_market
NOKPLN=X;NOK/PLN;PLN;CCY;ccy_market
NOKPLX=X;NOK/PLX;;CCY;ccy_market
NOKRSD=X;NOK/RSD;;CCY;ccy_market
NOKRUX=X;NOK/RUX;;CCY;ccy_market
NOKSEK=X;NOK/SEK;SEK;CCY;ccy_market
NOKSGD=X;NOK/SGD;SGD;CCY;ccy_market
NOKTHX=X;NOK/THX;;CCY;ccy_market
NOKUSD=X;NOK/USD;USD;CCY;ccy_market
NOKXCU=X;NOK/XCU;;CCY;ccy_market
NOKXDR=X;NOK/XDR;;CCY;ccy_market
NOKZAR=X;NOK/ZAR;ZAR;CCY;ccy_market
NPR=X;USD/NPR;NPR;CCY;ccy_market
NPRBRX=X;NPR/BRX;;CCY;ccy_market
NPRMYX=X;NPR/MYX;;CCY;ccy_market
NPRTHX=X;NPR/THX;;CCY;ccy_market
NPRUSD=X;NPR/USD;USD;CCY;ccy_market
NZD=X;USD/NZD;NZD;CCY;ccy_market
NZDAED=X;NZD/AED;AED;CCY;ccy_market
NZDAUD=X;NZD/AUD;AUD;CCY;ccy_market
NZDBRL=X;NZD/BRL;BRL;CCY;ccy_market
NZDBRX=X;NZD/BRX;;CCY;ccy_market
NZDCAD=X;NZD/CAD;CAD;CCY;ccy_market
NZDCAX=X;NZD/CAX;;CCY;ccy_market
NZDCHF=X;NZD/CHF;CHF;CCY;ccy_market
NZDCNH=X;NZD/CNH;;CCY;ccy_market
NZDCNY=X;NZD/CNY;CNY;CCY;ccy_market
NZDCZK=X;NZD/CZK;CZK;CCY;ccy_market
NZDCZX=X;NZD/CZX;;CCY;ccy_market
NZDDKK=X;NZD/DKK;DKK;CCY;ccy_market
NZDDKX=X;NZD/DKX;;CCY;ccy_market
NZDEUR=X;NZD/EUR;EUR;CCY;ccy_market
NZDFJD=X;NZD/FJD;FJD;CCY;ccy_market
NZDGBP=X;NZD/GBP;GBP;CCY;ccy_market
NZDHKD=X;NZD/HKD;HKD;CCY;ccy_market
NZDHUF=X;NZD/HUF;HUF;CCY;ccy_market
NZDHUX=X;NZD/HUX;;CCY;ccy_market
NZDIDR=X;NZD/IDR;IDR;CCY;ccy_market
NZDILS=X;NZD/ILS;ILS;CCY;ccy_market
NZDINR=X;NZD/INR;INR;CCY;ccy_market
NZDJPY=X;NZD/JPY;JPY;CCY;ccy_market
NZDKRW=X;NZD/KRW;KRW;CCY;ccy_market
NZDLKR=X;NZD/LKR;LKR;CCY;ccy_market
NZDMXN=X;NZD/MXN;MXN;CCY;ccy_market
NZDMYR=X;NZD/MYR;MYR;CCY;ccy_market
NZDMYX=X;NZD/MYX;;CCY;ccy_market
NZDNOK=X;NZD/NOK;NOK;CCY;ccy_market
NZDPGK=X;NZD/PGK;PGK;CCY;ccy_market
NZDPHP=X;NZD/PHP;PHP;CCY;ccy_market
NZDPKR=X;NZD/PKR;PKR;CCY;ccy_market
NZDPLN=X;NZD/PLN;PLN;CCY;ccy_market
NZDPLX=X;NZD/PLX;;CCY;ccy_market
NZDSAR=X;NZD/SAR;SAR;CCY;ccy_market
NZDSEK=X;NZD/SEK;SEK;CCY;ccy_market
NZDSGD=X;NZD/SGD;SGD;CCY;ccy_market
NZDTHB=X;NZD/THB;THB;CCY;ccy_market
NZDTHX=X;NZD/THX;;CCY;ccy_market
NZDTND=X;NZD/TND;TND;CCY;ccy_market
NZDTRY=X;NZD/TRY;TRY;CCY;ccy_market
NZDTWD=X;NZD/TWD;TWD;CCY;ccy_market
NZDUSD=X;NZD/USD;USD;CCY;ccy_market
NZDXCU=X;NZD/XCU;;CCY;ccy_market
NZDXDR=X;NZD/XDR;;CCY;ccy_market
NZDZAR=X;NZD/ZAR;ZAR;CCY;ccy_market
OMR=X;USD/OMR;OMR;CCY;ccy_market
OMRAED=X;OMR/AED;AED;CCY;ccy_market
OMRAUD=X;OMR/AUD;AUD;CCY;ccy_market
OMRBHD=X;OMR/BHD;BHD;CCY;ccy_market
OMRBRX=X;OMR/BRX;;CCY;ccy_market
OMRCAD=X;OMR/CAD;CAD;CCY;ccy_market
OMRCHF=X;OMR/CHF;CHF;CCY;ccy_market
OMRDKK=X;OMR/DKK;DKK;CCY;ccy_market
OMREUR=X;OMR/EUR;EUR;CCY;ccy_market
OMRGBP=X;OMR/GBP;GBP;CCY;ccy_market
OMRHKD=X;OMR/HKD;HKD;CCY;ccy_market
OMRINR=X;OMR/INR;INR;CCY;ccy_market
OMRJPY=X;OMR/JPY;JPY;CCY;ccy_market
OMRKES=X;OMR/KES;KES;CCY;ccy_market
OMRPKR=X;OMR/PKR;PKR;CCY;ccy_market
OMRQAR=X;OMR/QAR;QAR;CCY;ccy_market
OMRSGD=X;OMR/SGD;SGD;CCY;ccy_market
OMRTHX=X;OMR/THX;;CCY;ccy_market
OMRUSD=X;OMR/USD;USD;CCY;ccy_market
OMRXDR=X;OMR/XDR;;CCY;ccy_market
PAB=X;USD/PAB;PAB;CCY;ccy_market
PABBRX=X;PAB/BRX;;CCY;ccy_market
PABGBP=X;PAB/GBP;GBP;CCY;ccy_market
PABUSD=X;PAB/USD;USD;CCY;ccy_market
PEN=X;USD/PEN;PEN;CCY;ccy_market
PENBRX=X;PEN/BRX;;CCY;ccy_market
PENCAX=X;PEN/CAX;;CCY;ccy_market
PENEUR=X;PEN/EUR;EUR;CCY;ccy_market
PENGBP=X;PEN/GBP;GBP;CCY;ccy_market
PENJPY=X;PEN/JPY;;CCY;ccy_market
PENUSD=X;PEN/USD;USD;CCY;ccy_market
PENXDR=X;PEN/XDR;;CCY;ccy_market
PGK=X;USD/PGK;PGK;CCY;ccy_market
PGKBRX=X;PGK/BRX;;CCY;ccy_market
PGKGBP=X;PGK/GBP;GBP;CCY;ccy_market
PGKHKD=X;PGK/HKD;HKD;CCY;ccy_market
PGKTHX=X;PGK/THX;;CCY;ccy_market
PGKUSD=X;PGK/USD;USD;CCY;ccy_market
PHP=X;USD/PHP;PHP;CCY;ccy_market
PHPAUD=X;PHP/AUD;AUD;CCY;ccy_market
PHPBRX=X;PHP/BRX;;CCY;ccy_market
PHPCAD=X;PHP/CAD;CAD;CCY;ccy_market
PHPCHF=X;PHP/CHF;CHF;CCY;ccy_market
PHPCNY=X;PHP/CNY;CNY;CCY;ccy_market
PHPCZX=X;PHP/CZX;;CCY;ccy_market
PHPDKX=X;PHP/DKX;;CCY;ccy_market
PHPEUR=X;PHP/EUR;EUR;CCY;ccy_market
PHPGBP=X;PHP/GBP;GBP;CCY;ccy_market
PHPHKD=X;PHP/HKD;HKD;CCY;ccy_market
PHPHUX=X;PHP/HUX;;CCY;ccy_market
PHPIDR=X;PHP/IDR;IDR;CCY;ccy_market
PHPINR=X;PHP/INR;INR;CCY;ccy_market
PHPJPY=X;PHP/JPY;JPY;CCY;ccy_market
PHPKRW=X;PHP/KRW;KRW;CCY;ccy_market
PHPMYR=X;PHP/MYR;MYR;CCY;ccy_market
PHPMYX=X;PHP/MYX;;CCY;ccy_market
PHPNZD=X;PHP/NZD;NZD;CCY;ccy_market
PHPPLX=X;PHP/PLX;;CCY;ccy_market
PHPSGD=X;PHP/SGD;SGD;CCY;ccy_market
PHPTHB=X;PHP/THB;THB;CCY;ccy_market
PHPTHX=X;PHP/THX;;CCY;ccy_market
PHPTWD=X;PHP/TWD;TWD;CCY;ccy_market
PHPUSD=X;PHP/USD;USD;CCY;ccy_market
PHPVND=X;PHP/VND;VND;CCY;ccy_market
PHPXDR=X;PHP/XDR;;CCY;ccy_market
PKR=X;USD/PKR;PKR;CCY;ccy_market
PKRAED=X;PKR/AED;AED;CCY;ccy_market
PKRAUD=X;PKR/AUD;AUD;CCY;ccy_market
PKRBRX=X;PKR/BRX;;CCY;ccy_market
PKRCAD=X;PKR/CAD;CAD;CCY;ccy_market
PKRCHF=X;PKR/CHF;CHF;CCY;ccy_market
PKREGP=X;PKR/EGP;EGP;CCY;ccy_market
PKREUR=X;PKR/EUR;EUR;CCY;ccy_market
PKRGBP=X;PKR/GBP;GBP;CCY;ccy_market
PKRHKD=X;PKR/HKD;HKD;CCY;ccy_market
PKRINR=X;PKR/INR;INR;CCY;ccy_market
PKRJPY=X;PKR/JPY;JPY;CCY;ccy_market
PKRKRW=X;PKR/KRW;KRW;CCY;ccy_market
PKRKWD=X;PKR/KWD;KWD;CCY;ccy_market
PKRMYX=X;PKR/MYX;;CCY;ccy_market
PKRQAR=X;PKR/QAR;QAR;CCY;ccy_market
PKRSGD=X;PKR/SGD;SGD;CCY;ccy_market
PKRTHX=X;PKR/THX;;CCY;ccy_market
PKRUSD=X;PKR/USD;USD;CCY;ccy_market
PKRVND=X;PKR/VND;VND;CCY;ccy_market
PKRZAR=X;PKR/ZAR;ZAR;CCY;ccy_market
PLN=X;USD/PLN;PLN;CCY;ccy_market
PLNAUD=X;PLN/AUD;AUD;CCY;ccy_market
PLNBRX=X;PLN/BRX;;CCY;ccy_market
PLNCHF=X;PLN/CHF;CHF;CCY;ccy_market
PLNCNY=X;PLN/CNY;CNY;CCY;ccy_market
PLNCZK=X;PLN/CZK;CZK;CCY;ccy_market
PLNCZX=X;PLN/CZX;;CCY;ccy_market
PLNDKK=X;PLN/DKK;DKK;CCY;ccy_market
PLNDKX=X;PLN/DKX;;CCY;ccy_market
PLNEUR=X;PLN/EUR;EUR;CCY;ccy_market
PLNGBP=X;PLN/GBP;GBP;CCY;ccy_market
PLNHRX=X;PLN/HRX;;CCY;ccy_market
PLNHUF=X;PLN/HUF;HUF;CCY;ccy_market
PLNHUX=X;PLN/HUX;;CCY;ccy_market
PLNILS=X;PLN/ILS;ILS;CCY;ccy_market
PLNINR=X;PLN/INR;INR;CCY;ccy_market
PLNJPY=X;PLN/JPY;JPY;CCY;ccy_market
PLNRSD=X;PLN/RSD;;CCY;ccy_market
PLNRUB=X;PLN/RUB;RUB;CCY;ccy_market
PLNRUX=X;PLN/RUX;;CCY;ccy_market
PLNSEK=X;PLN/SEK;SEK;CCY;ccy_market
PLNTHB=X;PLN/THB;THB;CCY;ccy_market
PLNTHX=X;PLN/THX;;CCY;ccy_market
PLNUSD=X;PLN/USD;USD;CCY;ccy_market
PLNXCU=X;PLN/XCU;;CCY;ccy_market
PLNXDR=X;PLN/XDR;;CCY;ccy_market
PLNZAR=X;PLN/ZAR;ZAR;CCY;ccy_market
PLX=X;USD/PLX;PLX;CCY;ccy_market
PYG=X;USD/PYG;PYG;CCY;ccy_market
PYGBRX=X;PYG/BRX;;CCY;ccy_market
PYGUSD=X;PYG/USD;USD;CCY;ccy_market
QAR=X;USD/QAR;QAR;CCY;ccy_market
QARAED=X;QAR/AED;AED;CCY;ccy_market
QARBRX=X;QAR/BRX;;CCY;ccy_market
QAREUR=X;QAR/EUR;EUR;CCY;ccy_market
QARGBP=X;QAR/GBP;GBP;CCY;ccy_market
QARJPY=X;QAR/JPY;JPY;CCY;ccy_market
QAROMR=X;QAR/OMR;OMR;CCY;ccy_market
QARPKR=X;QAR/PKR;PKR;CCY;ccy_market
QARSGD=X;QAR/SGD;SGD;CCY;ccy_market
QARTHX=X;QAR/THX;;CCY;ccy_market
QARUSD=X;QAR/USD;USD;CCY;ccy_market
QARXDR=X;QAR/XDR;;CCY;ccy_market
RON=X;USD/RON;RON;CCY;ccy_market
RONBRX=X;RON/BRX;;CCY;ccy_market
RONCZX=X;RON/CZX;;CCY;ccy_market
RONDKX=X;RON/DKX;;CCY;ccy_market
RONEUR=X;RON/EUR;EUR;CCY;ccy_market
RONGBP=X;RON/GBP;GBP;CCY;ccy_market
RONHUX=X;RON/HUX;;CCY;ccy_market
RONJPY=X;RON/JPY;JPY;CCY;ccy_market
RONPLX=X;RON/PLX;;CCY;ccy_market
RONRSD=X;RON/RSD;;CCY;ccy_market
RONRUX=X;RON/RUX;;CCY;ccy_market
RONSEK=X;RON/SEK;SEK;CCY;ccy_market
RONUSD=X;RON/USD;USD;CCY;ccy_market
RSD=X;USD/RSD;RSD;CCY;ccy_market
RSDBAM=X;RSD/BAM;;CCY;ccy_market
RSDBRX=X;RSD/BRX;;CCY;ccy_market
RSDEUR=X;RSD/EUR;EUR;CCY;ccy_market
RSDGBP=X;RSD/GBP;GBP;CCY;ccy_market
RSDHUX=X;RSD/HUX;;CCY;ccy_market
RSDUSD=X;RSD/USD;USD;CCY;ccy_market
RUB=X;USD/RUB;RUB;CCY;ccy_market
RUBAMD=X;RUB/AMD;AMD;CCY;ccy_market
RUBAUD=X;RUB/AUD;AUD;CCY;ccy_market
RUBBRL=X;RUB/BRL;BRL;CCY;ccy_market
RUBBRX=X;RUB/BRX;;CCY;ccy_market
RUBCAX=X;RUB/CAX;;CCY;ccy_market
RUBCHF=X;RUB/CHF;CHF;CCY;ccy_market
RUBCNY=X;RUB/CNY;CNY;CCY;ccy_market
RUBCZX=X;RUB/CZX;;CCY;ccy_market
RUBDKK=X;RUB/DKK;DKK;CCY;ccy_market
RUBDKX=X;RUB/DKX;;CCY;ccy_market
RUBEUR=X;RUB/EUR;EUR;CCY;ccy_market
RUBGBP=X;RUB/GBP;GBP;CCY;ccy_market
RUBHUX=X;RUB/HUX;;CCY;ccy_market
RUBJPY=X;RUB/JPY;JPY;CCY;ccy_market
RUBMYR=X;RUB/MYR;MYR;CCY;ccy_market
RUBNOK=X;RUB/NOK;NOK;CCY;ccy_market
RUBPLN=X;RUB/PLN;PLN;CCY;ccy_market
RUBPLX=X;RUB/PLX;;CCY;ccy_market
RUBRSD=X;RUB/RSD;;CCY;ccy_market
RUBSEK=X;RUB/SEK;SEK;CCY;ccy_market
RUBSGD=X;RUB/SGD;SGD;CCY;ccy_market
RUBTHX=X;RUB/THX;;CCY;ccy_market
RUBUSD=X;RUB/USD;USD;CCY;ccy_market
RUBXCU=X;RUB/XCU;;CCY;ccy_market
RUBXDR=X;RUB/XDR;;CCY;ccy_market
RUBZAR=X;RUB/ZAR;ZAR;CCY;ccy_market
RUX=X;USD/RUX;RUX;CCY;ccy_market
RWF=X;USD/RWF;RWF;CCY;ccy_market
RWFBRX=X;RWF/BRX;;CCY;ccy_market
RWFUSD=X;RWF/USD;USD;CCY;ccy_market
SAR=X;USD/SAR;SAR;CCY;ccy_market
SARAED=X;SAR/AED;AED;CCY;ccy_market
SARBRX=X;SAR/BRX;;CCY;ccy_market
SARCAX=X;SAR/CAX;;CCY;ccy_market
SARCHF=X;SAR/CHF;CHF;CCY;ccy_market
SAREUR=X;SAR/EUR;EUR;CCY;ccy_market
SARGBP=X;SAR/GBP;GBP;CCY;ccy_market
SARHKD=X;SAR/HKD;HKD;CCY;ccy_market
SARJPY=X;SAR/JPY;JPY;CCY;ccy_market
SARLKR=X;SAR/LKR;LKR;CCY;ccy_market
SARMYX=X;SAR/MYX;;CCY;ccy_market
SARPKR=X;SAR/PKR;PKR;CCY;ccy_market
SARSEK=X;SAR/SEK;SEK;CCY;ccy_market
SARSGD=X;SAR/SGD;SGD;CCY;ccy_market
SARTHX=X;SAR/THX;;CCY;ccy_market
SARUSD=X;SAR/USD;USD;CCY;ccy_market
SARXDR=X;SAR/XDR;;CCY;ccy_market
SBD=X;USD/SBD;SBD;CCY;ccy_market
SBDBRX=X;SBD/BRX;;CCY;ccy_market
SBDUSD=X;SBD/USD;USD;CCY;ccy_market
SCR=X;USD/SCR;SCR;CCY;ccy_market
SCRBRX=X;SCR/BRX;;CCY;ccy_market
SCRGBP=X;SCR/GBP;GBP;CCY;ccy_market
SCRUSD=X;SCR/USD;USD;CCY;ccy_market
SDG=X;USD/SDG;SDG;CCY;ccy_market
SDGBRX=X;SDG/BRX;;CCY;ccy_market
SEK=X;USD/SEK;SEK;CCY;ccy_market
SEKAED=X;SEK/AED;AED;CCY;ccy_market
SEKAMD=X;SEK/AMD;AMD;CCY;ccy_market
SEKANG=X;SEK/ANG;ANG;CCY;ccy_market
SEKAUD=X;SEK/AUD;AUD;CCY;ccy_market
SEKBAM=X;SEK/BAM;BAM;CCY;ccy_market
SEKBRL=X;SEK/BRL;BRL;CCY;ccy_market
SEKBRX=X;SEK/BRX;;CCY;ccy_market
SEKCAD=X;SEK/CAD;CAD;CCY;ccy_market
SEKCAX=X;SEK/CAX;;CCY;ccy_market
SEKCHF=X;SEK/CHF;CHF;CCY;ccy_market
SEKCNH=X;SEK/CNH;;CCY;ccy_market
SEKCNY=X;SEK/CNY;CNY;CCY;ccy_market
SEKCZK=X;SEK/CZK;CZK;CCY;ccy_market
SEKCZX=X;SEK/CZX;;CCY;ccy_market
SEKDKK=X;SEK/DKK;DKK;CCY;ccy_market
SEKDKX=X;SEK/DKX;;CCY;ccy_market
SEKEUR=X;SEK/EUR;EUR;CCY;ccy_market
SEKGBP=X;SEK/GBP;GBP;CCY;ccy_market
SEKGIP=X;SEK/GIP;GIP;CCY;ccy_market
SEKHKD=X;SEK/HKD;HKD;CCY;ccy_market
SEKHRX=X;SEK/HRX;;CCY;ccy_market
SEKHUX=X;SEK/HUX;;CCY;ccy_market
SEKIDR=X;SEK/IDR;IDR;CCY;ccy_market
SEKILS=X;SEK/ILS;ILS;CCY;ccy_market
SEKINR=X;SEK/INR;INR;CCY;ccy_market
SEKISK=X;SEK/ISK;ISK;CCY;ccy_market
SEKISX=X;SEK/ISX;;CCY;ccy_market
SEKJPY=X;SEK/JPY;JPY;CCY;ccy_market
SEKKPW=X;SEK/KPW;KPW;CCY;ccy_market
SEKKRW=X;SEK/KRW;KRW;CCY;ccy_market
SEKLKR=X;SEK/LKR;LKR;CCY;ccy_market
SEKNOK=X;SEK/NOK;NOK;CCY;ccy_market
SEKNZD=X;SEK/NZD;NZD;CCY;ccy_market
SEKPKR=X;SEK/PKR;PKR;CCY;ccy_market
SEKPLN=X;SEK/PLN;PLN;CCY;ccy_market
SEKPLX=X;SEK/PLX;;CCY;ccy_market
SEKQAR=X;SEK/QAR;QAR;CCY;ccy_market
SEKRSD=X;SEK/RSD;;CCY;ccy_market
SEKRUB=X;SEK/RUB;RUB;CCY;ccy_market
SEKRUX=X;SEK/RUX;;CCY;ccy_market
SEKSAR=X;SEK/SAR;SAR;CCY;ccy_market
SEKSGD=X;SEK/SGD;SGD;CCY;ccy_market
SEKTHX=X;SEK/THX;;CCY;ccy_market
SEKUSD=X;SEK/USD;USD;CCY;ccy_market
SEKXCU=X;SEK/XCU;;CCY;ccy_market
SEKXDR=X;SEK/XDR;;CCY;ccy_market
SEKZAR=X;SEK/ZAR;ZAR;CCY;ccy_market
SGD=X;USD/SGD;SGD;CCY;ccy_market
SGDAED=X;SGD/AED;AED;CCY;ccy_market
SGDARS=X;SGD/ARS;ARS;CCY;ccy_market
SGDAUD=X;SGD/AUD;AUD;CCY;ccy_market
SGDBDT=X;SGD/BDT;BDT;CCY;ccy_market
SGDBGN=X;SGD/BGN;BGN;CCY;ccy_market
SGDBRL=X;SGD/BRL;BRL;CCY;ccy_market
SGDBRX=X;SGD/BRX;;CCY;ccy_market
SGDCAX=X;SGD/CAX;;CCY;ccy_market
SGDCHF=X;SGD/CHF;CHF;CCY;ccy_market
SGDCNH=X;SGD/CNH;;CCY;ccy_market
SGDCNY=X;SGD/CNY;CNY;CCY;ccy_market
SGDCZX=X;SGD/CZX;;CCY;ccy_market
SGDDKK=X;SGD/DKK;DKK;CCY;ccy_market
SGDDKX=X;SGD/DKX;;CCY;ccy_market
SGDEUR=X;SGD/EUR;EUR;CCY;ccy_market
SGDGBP=X;SGD/GBP;GBP;CCY;ccy_market
SGDGHS=X;SGD/GHS;;CCY;ccy_market
SGDHKD=X;SGD/HKD;HKD;CCY;ccy_market
SGDHUF=X;SGD/HUF;HUF;CCY;ccy_market
SGDHUX=X;SGD/HUX;;CCY;ccy_market
SGDIDR=X;SGD/IDR;IDR;CCY;ccy_market
SGDINR=X;SGD/INR;INR;CCY;ccy_market
SGDJPY=X;SGD/JPY;JPY;CCY;ccy_market
SGDKRW=X;SGD/KRW;KRW;CCY;ccy_market
SGDKWD=X;SGD/KWD;KWD;CCY;ccy_market
SGDLKR=X;SGD/LKR;LKR;CCY;ccy_market
SGDMXN=X;SGD/MXN;MXN;CCY;ccy_market
SGDMYR=X;SGD/MYR;MYR;CCY;ccy_market
SGDMYX=X;SGD/MYX;;CCY;ccy_market
SGDNOK=X;SGD/NOK;NOK;CCY;ccy_market
SGDNZD=X;SGD/NZD;NZD;CCY;ccy_market
SGDOMR=X;SGD/OMR;OMR;CCY;ccy_market
SGDPHP=X;SGD/PHP;PHP;CCY;ccy_market
SGDPKR=X;SGD/PKR;PKR;CCY;ccy_market
SGDPLN=X;SGD/PLN;PLN;CCY;ccy_market
SGDPLX=X;SGD/PLX;;CCY;ccy_market
SGDQAR=X;SGD/QAR;QAR;CCY;ccy_market
SGDRUB=X;SGD/RUB;RUB;CCY;ccy_market
SGDRUX=X;SGD/RUX;;CCY;ccy_market
SGDSAR=X;SGD/SAR;SAR;CCY;ccy_market
SGDSEK=X;SGD/SEK;SEK;CCY;ccy_market
SGDTHB=X;SGD/THB;THB;CCY;ccy_market
SGDTHX=X;SGD/THX;;CCY;ccy_market
SGDTRY=X;SGD/TRY;TRY;CCY;ccy_market
SGDTWD=X;SGD/TWD;TWD;CCY;ccy_market
SGDUSD=X;SGD/USD;USD;CCY;ccy_market
SGDVND=X;SGD/VND;VND;CCY;ccy_market
SGDXCU=X;SGD/XCU;;CCY;ccy_market
SGDXDR=X;SGD/XDR;;CCY;ccy_market
SGDZAR=X;SGD/ZAR;ZAR;CCY;ccy_market
SHP=X;USD/SHP;SHP;CCY;ccy_market
SHPBRX=X;SHP/BRX;;CCY;ccy_market
SLL=X;USD/SLL;SLL;CCY;ccy_market
SLLBRX=X;SLL/BRX;;CCY;ccy_market
SLLUSD=X;SLL/USD;USD;CCY;ccy_market
SOS=X;USD/SOS;SOS;CCY;ccy_market
SOSBRX=X;SOS/BRX;;CCY;ccy_market
SOSUSD=X;SOS/USD;USD;CCY;ccy_market
SRD=X;USD/SRD;SRD;CCY;ccy_market
SRDBRX=X;SRD/BRX;;CCY;ccy_market
SSPBRX=X;SSP/BRX;;CCY;ccy_market
STN=X;USD/STN;STN;CCY;ccy_market
STNUSD=X;STN/USD;USD;CCY;ccy_market
SVC=X;USD/SVC;SVC;CCY;ccy_market
SVCBRX=X;SVC/BRX;;CCY;ccy_market
SVCUSD=X;SVC/USD;USD;CCY;ccy_market
SYP=X;USD/SYP;SYP;CCY;ccy_market
SYPBRX=X;SYP/BRX;;CCY;ccy_market
SYPUSD=X;SYP/USD;USD;CCY;ccy_market
SZL=X;USD/SZL;SZL;CCY;ccy_market
SZLBRX=X;SZL/BRX;;CCY;ccy_market
SZLGBP=X;SZL/GBP;GBP;CCY;ccy_market
SZLUSD=X;SZL/USD;USD;CCY;ccy_market
SZLZAR=X;SZL/ZAR;;CCY;ccy_market
THB=X;USD/THB;THB;CCY;ccy_market
THBAUD=X;THB/AUD;AUD;CCY;ccy_market
THBBRX=X;THB/BRX;;CCY;ccy_market
THBCAD=X;THB/CAD;CAD;CCY;ccy_market
THBCHF=X;THB/CHF;CHF;CCY;ccy_market
THBCNY=X;THB/CNY;CNY;CCY;ccy_market
THBCZX=X;THB/CZX;;CCY;ccy_market
THBDKK=X;THB/DKK;DKK;CCY;ccy_market
THBDKX=X;THB/DKX;;CCY;ccy_market
THBEUR=X;THB/EUR;EUR;CCY;ccy_market
THBGBP=X;THB/GBP;GBP;CCY;ccy_market
THBHKD=X;THB/HKD;HKD;CCY;ccy_market
THBHUX=X;THB/HUX;;CCY;ccy_market
THBIDR=X;THB/IDR;IDR;CCY;ccy_market
THBINR=X;THB/INR;INR;CCY;ccy_market
THBJPY=X;THB/JPY;JPY;CCY;ccy_market
THBKRW=X;THB/KRW;KRW;CCY;ccy_market
THBMYR=X;THB/MYR;MYR;CCY;ccy_market
THBMYX=X;THB/MYX;;CCY;ccy_market
THBNOK=X;THB/NOK;NOK;CCY;ccy_market
THBNZD=X;THB/NZD;NZD;CCY;ccy_market
THBPHP=X;THB/PHP;PHP;CCY;ccy_market
THBPKR=X;THB/PKR;PKR;CCY;ccy_market
THBPLX=X;THB/PLX;;CCY;ccy_market
THBSEK=X;THB/SEK;SEK;CCY;ccy_market
THBSGD=X;THB/SGD;SGD;CCY;ccy_market
THBTND=X;THB/TND;TND;CCY;ccy_market
THBTWD=X;THB/TWD;TWD;CCY;ccy_market
THBUSD=X;THB/USD;USD;CCY;ccy_market
THBXDR=X;THB/XDR;;CCY;ccy_market
THBZAR=X;THB/ZAR;ZAR;CCY;ccy_market
THX=X;USD/THX;THX;CCY;ccy_market
TJS=X;USD/TJS;TJS;CCY;ccy_market
TJSBRX=X;TJS/BRX;;CCY;ccy_market
TJSRUX=X;TJS/RUX;;CCY;ccy_market
TMT=X;USD/TMT;TMT;CCY;ccy_market
TMTBRX=X;TMT/BRX;;CCY;ccy_market
TMTRUX=X;TMT/RUX;;CCY;ccy_market
TND=X;USD/TND;TND;CCY;ccy_market
TNDBRX=X;TND/BRX;;CCY;ccy_market
TNDEUR=X;TND/EUR;EUR;CCY;ccy_market
TNDGBP=X;TND/GBP;GBP;CCY;ccy_market
TNDUSD=X;TND/USD;USD;CCY;ccy_market
TOP=X;USD/TOP;TOP;CCY;ccy_market
TOPBRX=X;TOP/BRX;;CCY;ccy_market
TOPUSD=X;TOP/USD;USD;CCY;ccy_market
TRY=X;USD/TRY;TRY;CCY;ccy_market
TRYBAM=X;TRY/BAM;;CCY;ccy_market
TRYBRX=X;TRY/BRX;;CCY;ccy_market
TRYCAX=X;TRY/CAX;;CCY;ccy_market
TRYCHF=X;TRY/CHF;CHF;CCY;ccy_market
TRYCZK=X;TRY/CZK;CZK;CCY;ccy_market
TRYCZX=X;TRY/CZX;;CCY;ccy_market
TRYDKK=X;TRY/DKK;DKK;CCY;ccy_market
TRYDKX=X;TRY/DKX;;CCY;ccy_market
TRYEUR=X;TRY/EUR;EUR;CCY;ccy_market
TRYGBP=X;TRY/GBP;GBP;CCY;ccy_market
TRYHUF=X;TRY/HUF;HUF;CCY;ccy_market
TRYHUX=X;TRY/HUX;;CCY;ccy_market
TRYJPY=X;TRY/JPY;JPY;CCY;ccy_market
TRYPLN=X;TRY/PLN;PLN;CCY;ccy_market
TRYPLX=X;TRY/PLX;;CCY;ccy_market
TRYRSD=X;TRY/RSD;;CCY;ccy_market
TRYRUX=X;TRY/RUX;;CCY;ccy_market
TRYSGD=X;TRY/SGD;SGD;CCY;ccy_market
TRYUSD=X;TRY/USD;USD;CCY;ccy_market
TRYXCU=X;TRY/XCU;;CCY;ccy_market
TRYZAR=X;TRY/ZAR;ZAR;CCY;ccy_market
TTD=X;USD/TTD;TTD;CCY;ccy_market
TTDBRX=X;TTD/BRX;;CCY;ccy_market
TTDGBP=X;TTD/GBP;GBP;CCY;ccy_market
TTDUSD=X;TTD/USD;USD;CCY;ccy_market
TTDXDR=X;TTD/XDR;;CCY;ccy_market
TWD=X;USD/TWD;TWD;CCY;ccy_market
TWDAUD=X;TWD/AUD;AUD;CCY;ccy_market
TWDBRL=X;TWD/BRL;;CCY;ccy_market
TWDBRX=X;TWD/BRX;;CCY;ccy_market
TWDCAD=X;TWD/CAD;CAD;CCY;ccy_market
TWDCAX=X;TWD/CAX;;CCY;ccy_market
TWDCHF=X;TWD/CHF;CHF;CCY;ccy_market
TWDCNH=X;TWD/CNH;;CCY;ccy_market
TWDCNY=X;TWD/CNY;CNY;CCY;ccy_market
TWDEUR=X;TWD/EUR;EUR;CCY;ccy_market
TWDGBP=X;TWD/GBP;GBP;CCY;ccy_market
TWDHKD=X;TWD/HKD;HKD;CCY;ccy_market
TWDIDR=X;TWD/IDR;IDR;CCY;ccy_market
TWDINR=X;TWD/INR;INR;CCY;ccy_market
TWDJPY=X;TWD/JPY;JPY;CCY;ccy_market
TWDKRW=X;TWD/KRW;KRW;CCY;ccy_market
TWDMYR=X;TWD/MYR;MYR;CCY;ccy_market
TWDMYX=X;TWD/MYX;;CCY;ccy_market
TWDNZD=X;TWD/NZD;NZD;CCY;ccy_market
TWDPHP=X;TWD/PHP;PHP;CCY;ccy_market
TWDPKR=X;TWD/PKR;PKR;CCY;ccy_market
TWDSEK=X;TWD/SEK;SEK;CCY;ccy_market
TWDSGD=X;TWD/SGD;SGD;CCY;ccy_market
TWDTHB=X;TWD/THB;THB;CCY;ccy_market
TWDTHX=X;TWD/THX;;CCY;ccy_market
TWDUSD=X;TWD/USD;USD;CCY;ccy_market
TWDZAR=X;TWD/ZAR;ZAR;CCY;ccy_market
TZS=X;USD/TZS;TZS;CCY;ccy_market
TZSBRX=X;TZS/BRX;;CCY;ccy_market
TZSEUR=X;TZS/EUR;EUR;CCY;ccy_market
TZSGBP=X;TZS/GBP;GBP;CCY;ccy_market
TZSSGD=X;TZS/SGD;SGD;CCY;ccy_market
TZSUSD=X;TZS/USD;USD;CCY;ccy_market
UAH=X;USD/UAH;UAH;CCY;ccy_market
UAHBRX=X;UAH/BRX;;CCY;ccy_market
UAHGBP=X;UAH/GBP;GBP;CCY;ccy_market
UAHHUX=X;UAH/HUX;;CCY;ccy_market
UAHPLX=X;UAH/PLX;;CCY;ccy_market
UAHRUX=X;UAH/RUX;;CCY;ccy_market
UAHUSD=X;UAH/USD;USD;CCY;ccy_market
UGX=X;USD/UGX;UGX;CCY;ccy_market
UGXAUD=X;UGX/AUD;AUD;CCY;ccy_market
UGXBRX=X;UGX/BRX;;CCY;ccy_market
UGXCAD=X;UGX/CAD;CAD;CCY;ccy_market
UGXCNY=X;UGX/CNY;CNY;CCY;ccy_market
UGXEUR=X;UGX/EUR;EUR;CCY;ccy_market
UGXGBP=X;UGX/GBP;GBP;CCY;ccy_market
UGXIDR=X;UGX/IDR;IDR;CCY;ccy_market
UGXINR=X;UGX/INR;INR;CCY;ccy_market
UGXJPY=X;UGX/JPY;JPY;CCY;ccy_market
UGXKRW=X;UGX/KRW;KRW;CCY;ccy_market
UGXUSD=X;UGX/USD;USD;CCY;ccy_market
UGXZAR=X;UGX/ZAR;ZAR;CCY;ccy_market
UMRAED.SW;UMR.K ARAB EMIRATE;CHF;EBS;ch_market
UMRARS.SW;UMR.K ARGENTINIEN;CHF;EBS;ch_market
UMRAUD.SW;UMR.K AUSTRALIEN;CHF;EBS;ch_market
UMRBRL.SW;UMR.K BRASILIEN;CHF;EBS;ch_market
UMRCAD.SW;UMR.K KANADA;CHF;EBS;ch_market
UMRCNH.SW;UMR.K CHINA;CHF;EBS;ch_market
UMRCNY.SW;UMR.K CHINA;CHF;EBS;ch_market
UMRCZK.SW;UMR.K TSCHECH.REP.;CHF;EBS;ch_market
UMRDKK.SW;UMR.K DAENEMARK;CHF;EBS;ch_market
UMREGP.SW;UMR.K Egypt;CHF;EBS;ch_market
UMREUR.SW;UMR.K EURO;CHF;EBS;ch_market
UMRGBP.SW;UMR.K ENGLAND;CHF;EBS;ch_market
UMRHKD.SW;UMR.K HONGKONG;CHF;EBS;ch_market
UMRHRK.SW;UMR.K KROATIEN;CHF;EBS;ch_market
UMRHUF.SW;UMR.K UNGARN;CHF;EBS;ch_market
UMRIDR.SW;UMR.K Indonesia;CHF;EBS;ch_market
UMRILS.SW;UMR.K ISRAEL;CHF;EBS;ch_market
UMRISK.SW;UMR.K ISLAND;CHF;EBS;ch_market
UMRJPY.SW;UMR.K JAPAN;CHF;EBS;ch_market
UMRKRW.SW;UMR.K KOREA;CHF;EBS;ch_market
UMRMXN.SW;UMR.K MEXICO;CHF;EBS;ch_market
UMRMYR.SW;UMR.K Malaysia;CHF;EBS;ch_market
UMRNOK.SW;UMR.K NORWEGEN;CHF;EBS;ch_market
UMRNZD.SW;UMR.K NEUSEELAND;CHF;EBS;ch_market
UMRPLN.SW;UMR.K POLEN;CHF;EBS;ch_market
UMRRON.SW;UMR.K RUMAENIEN;CHF;EBS;ch_market
UMRRUB.SW;UMR.K RUSSLAND;CHF;EBS;ch_market
UMRSEK.SW;UMR.K SCHWEDEN;CHF;EBS;ch_market
UMRSGD.SW;UMR.K SINGAPUR;CHF;EBS;ch_market
UMRTHB.SW;UMR.K THAILAND;CHF;EBS;ch_market
UMRTRY.SW;UMR.K TUERKEI;CHF;EBS;ch_market
UMRTWD.SW;UMR.K TAIWAN;CHF;EBS;ch_market
UMRUSD.SW;UMR.K USA;CHF;EBS;ch_market
UMRZAR.SW;UMR.K SUEDAFRIKA;CHF;EBS;ch_market
USD=X;USD/USD;USD;CCY;ccy_market
USYAUD=X;USY/AUD;;CCY;ccy_market
USYCAD=X;USY/CAD;;CCY;ccy_market
USYCHF=X;USY/CHF;;CCY;ccy_market
USYCNY=X;USY/CNY;;CCY;ccy_market
USYDKK=X;USY/DKK;;CCY;ccy_market
USYEUR=X;USY/EUR;;CCY;ccy_market
USYHKD=X;USY/HKD;;CCY;ccy_market
USYJPY=X;USY/JPY;;CCY;ccy_market
USYKRW=X;USY/KRW;;CCY;ccy_market
USYNOK=X;USY/NOK;;CCY;ccy_market
USYSEK=X;USY/SEK;;CCY;ccy_market
USYSGD=X;USY/SGD;;CCY;ccy_market
USYTRY=X;USY/TRY;;CCY;ccy_market
USYZAR=X;USY/ZAR;;CCY;ccy_market
UYU=X;USD/UYU;UYU;CCY;ccy_market
UYUBRX=X;UYU/BRX;;CCY;ccy_market
UYUGBP=X;UYU/GBP;GBP;CCY;ccy_market
UYUUSD=X;UYU/USD;USD;CCY;ccy_market
UYUXDR=X;UYU/XDR;;CCY;ccy_market
UZS=X;USD/UZS;UZS;CCY;ccy_market
UZSBRX=X;UZS/BRX;;CCY;ccy_market
UZSRUX=X;UZS/RUX;;CCY;ccy_market
VES=X;USD/VES;VES;CCY;ccy_market
VESBRX=X;VES/BRX;;CCY;ccy_market
VND=X;USD/VND;VND;CCY;ccy_market
VNDAED=X;VND/AED;AED;CCY;ccy_market
VNDAUD=X;VND/AUD;AUD;CCY;ccy_market
VNDBRX=X;VND/BRX;;CCY;ccy_market
VNDEUR=X;VND/EUR;EUR;CCY;ccy_market
VNDGBP=X;VND/GBP;GBP;CCY;ccy_market
VNDHKD=X;VND/HKD;HKD;CCY;ccy_market
VNDINR=X;VND/INR;INR;CCY;ccy_market
VNDJPY=X;VND/JPY;JPY;CCY;ccy_market
VNDMYR=X;VND/MYR;MYR;CCY;ccy_market
VNDMYX=X;VND/MYX;;CCY;ccy_market
VNDPHP=X;VND/PHP;PHP;CCY;ccy_market
VNDPKR=X;VND/PKR;PKR;CCY;ccy_market
VNDSGD=X;VND/SGD;SGD;CCY;ccy_market
VNDTHB=X;VND/THB;THB;CCY;ccy_market
VNDTHX=X;VND/THX;;CCY;ccy_market
VNDTWD=X;VND/TWD;TWD;CCY;ccy_market
VNDUSD=X;VND/USD;USD;CCY;ccy_market
VUV=X;USD/VUV;VUV;CCY;ccy_market
VUVBRX=X;VUV/BRX;;CCY;ccy_market
VUVUSD=X;VUV/USD;USD;CCY;ccy_market
WST=X;USD/WST;WST;CCY;ccy_market
WSTBRX=X;WST/BRX;;CCY;ccy_market
WSTUSD=X;WST/USD;USD;CCY;ccy_market
XAF=X;USD/XAF;XAF;CCY;ccy_market
XAFBRX=X;XAF/BRX;;CCY;ccy_market
XAFUSD=X;XAF/USD;USD;CCY;ccy_market
XCD=X;USD/XCD;XCD;CCY;ccy_market
XCDBRX=X;XCD/BRX;;CCY;ccy_market
XCDGBP=X;XCD/GBP;GBP;CCY;ccy_market
XCU=X;USD/XCU;XCU;CCY;ccy_market
XCUAED=X;XCU/AED;;CCY;ccy_market
XCUARS=X;XCU/ARS;;CCY;ccy_market
XCUAUD=X;XCU/AUD;;CCY;ccy_market
XCUBHD=X;XCU/BHD;;CCY;ccy_market
XCUBRL=X;XCU/BRL;;CCY;ccy_market
XCUCAD=X;XCU/CAD;;CCY;ccy_market
XCUCHF=X;XCU/CHF;;CCY;ccy_market
XCUCNY=X;XCU/CNY;;CCY;ccy_market
XCUDKK=X;XCU/DKK;;CCY;ccy_market
XCUEUR=X;XCU/EUR;;CCY;ccy_market
XCUGBP=X;XCU/GBP;;CCY;ccy_market
XCUIDR=X;XCU/IDR;;CCY;ccy_market
XCUILS=X;XCU/ILS;;CCY;ccy_market
XCUINR=X;XCU/INR;;CCY;ccy_market
XCUJPY=X;XCU/JPY;;CCY;ccy_market
XCUKRW=X;XCU/KRW;;CCY;ccy_market
XCUKWD=X;XCU/KWD;;CCY;ccy_market
XCUMXN=X;XCU/MXN;;CCY;ccy_market
XCUMYR=X;XCU/MYR;;CCY;ccy_market
XCUNOK=X;XCU/NOK;;CCY;ccy_market
XCUNZD=X;XCU/NZD;;CCY;ccy_market
XCUPLN=X;XCU/PLN;;CCY;ccy_market
XCURUB=X;XCU/RUB;;CCY;ccy_market
XCUSEK=X;XCU/SEK;;CCY;ccy_market
XCUSGD=X;XCU/SGD;;CCY;ccy_market
XCUTRY=X;XCU/TRY;;CCY;ccy_market
XCUUSD=X;XCU/USD;USD;CCY;ccy_market
XCUXDR=X;XCU/XDR;;CCY;ccy_market
XCUZAR=X;XCU/ZAR;;CCY;ccy_market
XDR=X;USD/XDR;XDR;CCY;ccy_market
XDRBRX=X;XDR/BRX;;CCY;ccy_market
XDRCZX=X;XDR/CZX;;CCY;ccy_market
XDRDKX=X;XDR/DKX;;CCY;ccy_market
XDRISX=X;XDR/ISX;;CCY;ccy_market
XDRPLX=X;XDR/PLX;;CCY;ccy_market
XDRRUX=X;XDR/RUX;;CCY;ccy_market
XDRUSD=X;XDR/USD;USD;CCY;ccy_market
XDRXCU=X;XDR/XCU;;CCY;ccy_market
XOF=X;USD/XOF;XOF;CCY;ccy_market
XOFBRX=X;XOF/BRX;;CCY;ccy_market
XOFEUR=X;XOF/EUR;EUR;CCY;ccy_market
XOFGBP=X;XOF/GBP;GBP;CCY;ccy_market
XOFUSD=X;XOF/USD;USD;CCY;ccy_market
XPF=X;USD/XPF;XPF;CCY;ccy_market
XPFBRX=X;XPF/BRX;;CCY;ccy_market
YER=X;USD/YER;YER;CCY;ccy_market
YERBRX=X;YER/BRX;;CCY;ccy_market
ZAC=X;USD/ZAC;ZAC;CCY;ccy_market
ZAR=X;USD/ZAR;ZAR;CCY;ccy_market
ZARAED=X;ZAR/AED;AED;CCY;ccy_market
ZARANG=X;ZAR/ANG;ANG;CCY;ccy_market
ZARAOA=X;ZAR/AOA;AOA;CCY;ccy_market
ZARAUD=X;ZAR/AUD;AUD;CCY;ccy_market
ZARBRL=X;ZAR/BRL;BRL;CCY;ccy_market
ZARBRX=X;ZAR/BRX;;CCY;ccy_market
ZARBWP=X;ZAR/BWP;BWP;CCY;ccy_market
ZARCAD=X;ZAR/CAD;CAD;CCY;ccy_market
ZARCAX=X;ZAR/CAX;;CCY;ccy_market
ZARCHF=X;ZAR/CHF;CHF;CCY;ccy_market
ZARCNY=X;ZAR/CNY;CNY;CCY;ccy_market
ZARCZX=X;ZAR/CZX;;CCY;ccy_market
ZARDKK=X;ZAR/DKK;DKK;CCY;ccy_market
ZARDKX=X;ZAR/DKX;;CCY;ccy_market
ZAREGP=X;ZAR/EGP;EGP;CCY;ccy_market
ZAREUR=X;ZAR/EUR;EUR;CCY;ccy_market
ZARGBP=X;ZAR/GBP;GBP;CCY;ccy_market
ZARGHS=X;ZAR/GHS;;CCY;ccy_market
ZARHKD=X;ZAR/HKD;HKD;CCY;ccy_market
ZARHUX=X;ZAR/HUX;;CCY;ccy_market
ZARIDR=X;ZAR/IDR;IDR;CCY;ccy_market
ZARINR=X;ZAR/INR;INR;CCY;ccy_market
ZARJPY=X;ZAR/JPY;JPY;CCY;ccy_market
ZARKES=X;ZAR/KES;KES;CCY;ccy_market
ZARKRW=X;ZAR/KRW;KRW;CCY;ccy_market
ZARLKR=X;ZAR/LKR;LKR;CCY;ccy_market
ZARLSL=X;ZAR/LSL;LSL;CCY;ccy_market
ZARMWK=X;ZAR/MWK;MWK;CCY;ccy_market
ZARMXN=X;ZAR/MXN;MXN;CCY;ccy_market
ZARMYR=X;ZAR/MYR;MYR;CCY;ccy_market
ZARNOK=X;ZAR/NOK;NOK;CCY;ccy_market
ZARNZD=X;ZAR/NZD;NZD;CCY;ccy_market
ZARPHP=X;ZAR/PHP;PHP;CCY;ccy_market
ZARPKR=X;ZAR/PKR;PKR;CCY;ccy_market
ZARPLN=X;ZAR/PLN;PLN;CCY;ccy_market
ZARPLX=X;ZAR/PLX;;CCY;ccy_market
ZARRUB=X;ZAR/RUB;RUB;CCY;ccy_market
ZARRUX=X;ZAR/RUX;;CCY;ccy_market
ZARSCR=X;ZAR/SCR;SCR;CCY;ccy_market
ZARSEK=X;ZAR/SEK;SEK;CCY;ccy_market
ZARSGD=X;ZAR/SGD;SGD;CCY;ccy_market
ZARSZL=X;ZAR/SZL;SZL;CCY;ccy_market
ZARTHB=X;ZAR/THB;THB;CCY;ccy_market
ZARTHX=X;ZAR/THX;;CCY;ccy_market
ZARTWD=X;ZAR/TWD;TWD;CCY;ccy_market
ZARUSD=X;ZAR/USD;USD;CCY;ccy_market
ZARXDR=X;ZAR/XDR;;CCY;ccy_market
ZARZAC=X;;;CCY;ccy_market
ZARZMW=X;ZAR/ZMW;;CCY;ccy_market
ZMW=X;USD/ZMW;ZMW;CCY;ccy_market
ZMWBRX=X;ZMW/BRX;;CCY;ccy_market
ZMWCAD=X;ZMW/CAD;CAD;CCY;ccy_market
ZMWCHF=X;ZMW/CHF;CHF;CCY;ccy_market
ZMWEUR=X;ZMW/EUR;EUR;CCY;ccy_market
ZMWGBP=X;ZMW/GBP;GBP;CCY;ccy_market
ZMWJPY=X;ZMW/JPY;JPY;CCY;ccy_market
ZMWUSD=X;ZMW/USD;USD;CCY;ccy_market
ZMWZAR=X;ZMW/ZAR;;CCY;ccy_market
