symbol,name,category,currency,market,exchange
AABXX,SEI Daily Income Trust Government Fund,,USD,us_market,NAS
AAFXX,American Funds U.S. Government ,,USD,us_market,NAS
AALXX,Thrivent Money Market Fund,Thrivent Mutual Funds,USD,us_market,NAS
AAOXX,American Beacon U.S. Government Money Market Select Fund,,USD,us_market,NAS
AARXX,AARP Money Market Fund,,USD,us_market,NAS
AASXX,Dryden Money Market Fund,,USD,us_market,NAS
AAUXX,PNC Advantage Institutional Government Money Market Fund,,USD,us_market,NAS
AAZXX,American Funds U.S. Government Money Market Fund,,USD,us_market,NAS
ABCXX,Rydex MFQS MM Test,,USD,us_market,NAS
ABHXX,American Beacon Money Market Fund,,USD,us_market,NAS
ABNXX,Fortis Government Money Market Fund,,USD,us_market,NAS
ABSXX,Dryden Money Market Fund,,USD,us_market,NAS
ABZXX,American Funds U.S. Government Money Market Fund,,USD,us_market,NAS
ACAXX,Prime Money Market Fund,American Century Investment Trust,USD,us_market,NAS
ACNXX,Government Money Market Fund,AIM Investment Securities Funds (Invesco Investment Securities Funds),USD,us_market,NAS
ACXXX,Government Money Market Fund,AIM Investment Securities Funds (Invesco Investment Securities Funds),USD,us_market,NAS
ACZXX,Government Money Market Fund,AIM Investment Securities Funds (Invesco Investment Securities Funds),USD,us_market,NAS
ADAXX,Government Money Market Fund,AIM Investment Securities Funds (Invesco Investment Securities Funds),USD,us_market,NAS
ADCXX,PNC Money Market Fund,,USD,us_market,NAS
AEAXX,AB Government Exchange Reserves,,USD,us_market,NAS
AECXX,AB Government Money Market Portfolio,"AB Fixed-Income Shares, Inc.",USD,us_market,NAS
AEIXX,PNC Tax Exempt Money Market Class Fund,,USD,us_market,NAS
AEKXX,AB Government Exchange Reserves,,USD,us_market,NAS
AERXX,PNC Tax Exempt Money Market Class Fund,,USD,us_market,NAS
AEYXX,AB Government Exchange Reserves,,USD,us_market,NAS
AFAXX,American Funds U.S. Government ,,USD,us_market,NAS
AFCXX,American Funds U.S. Government ,,USD,us_market,NAS
AFFXX,American Funds U.S. Government ,,USD,us_market,NAS
AFGXX,American Funds U.S. Government ,,USD,us_market,NAS
AGCXX,Invesco Government & Agency Portfolio,Short-Term Investment Trust,USD,us_market,NAS
AGGXX,Premium Money Market Fund,American Century Investment Trust,USD,us_market,NAS
AGHXX,Premium Money Market Fund,American Century Investment Trust,USD,us_market,NAS
AGPXX,Invesco Government & Agency Portfolio,Short-Term Investment Trust,USD,us_market,NAS
AGQXX,Premium Money Market Fund,American Century Investment Trust,USD,us_market,NAS
AGRXX,Government Reserves Portfolio Fund,AllianceBernstein Bond Fund,USD,us_market,NAS
AIEXX,AB Government Exchange Reserves,,USD,us_market,NAS
AIMXX,Government Money Market Fund,AIM Investment Securities Funds (Invesco Investment Securities Funds),USD,us_market,NAS
AIOXX,Pioneer Institutional Money Market Fund,,USD,us_market,NAS
AIRXX,Government Money Market Fund,AIM Investment Securities Funds (Invesco Investment Securities Funds),USD,us_market,NAS
AIYXX,Government Money Market Fund,AIM Investment Securities Funds (Invesco Investment Securities Funds),USD,us_market,NAS
AJLXX,JPMorgan Liquid Assets Money Market Fund,JPMorgan Trust II,USD,us_market,NAS
AJTXX,JPMorgan U.S. Treasury Plus Money Market Fund,JPMorgan Trust II,USD,us_market,NAS
AMAXX,PIMCO Government Money Market Fund,PIMCO Funds,USD,us_market,NAS
AMBXX,PNC Money Market Fund,,USD,us_market,NAS
AMDXX,AMF Money Market Fund,,USD,us_market,NAS
AMGXX,PIMCO Government Money Market Fund,PIMCO Funds,USD,us_market,NAS
AMMXX,Thrivent Money Market Fund,Thrivent Mutual Funds,USD,us_market,NAS
AOIXX,PNC Ohio Municipal Money Market Fund,,USD,us_market,NAS
AOMXX,PNC Ohio Municipal Money Market Fund,,USD,us_market,NAS
APAXX,American Beacon Money Market Fund,,USD,us_market,NAS
APCXX,Government Securities Money Market Fund,Cavanal Hill Funds,USD,us_market,NAS
APGXX,U.S. Treasury Fund,Cavanal Hill Funds,USD,us_market,NAS
APHXX,Government Securities Money Market Fund,Cavanal Hill Funds,USD,us_market,NAS
APIXX,PNC Pennsylvania Tax-Exempt Money Market Fund,,USD,us_market,NAS
APJXX,U.S. Treasury Fund,Cavanal Hill Funds,USD,us_market,NAS
APKXX,U.S. Treasury Fund,Cavanal Hill Funds,USD,us_market,NAS
APNXX,U.S. Treasury Fund,Cavanal Hill Funds,USD,us_market,NAS
APPXX,Government Securities Money Market Fund,Cavanal Hill Funds,USD,us_market,NAS
APRXX,PNC Pennsylvania Tax-Exempt Money Market Fund,,USD,us_market,NAS
APSXX,Government Securities Money Market Fund,Cavanal Hill Funds,USD,us_market,NAS
ARBXX,Wilmington Prime Money Market Fund,,USD,us_market,NAS
ARIXX,PNC Money Market Fund,,USD,us_market,NAS
ARRXX,PNC Money Market Fund,,USD,us_market,NAS
ASCXX,Dryden Money Market Fund,,USD,us_market,NAS
ASIXX,Pioneer Institutional Money Market Fund,,USD,us_market,NAS
ASPXX,Pioneer Institutional Money Market Fund,,USD,us_market,NAS
ASXXX,Dryden Money Market Fund,,USD,us_market,NAS
ATAXX,Fortis Tax-Exempt Money Market Fund,,USD,us_market,NAS
ATIXX,PNC Treasury Money Market Fund,,USD,us_market,NAS
ATMXX,Fortis Treasury Money Market Fund,,USD,us_market,NAS
ATRXX,PNC Treasury Money Market Fund,,USD,us_market,NAS
ATXXX,Fortis Money Market Fund,,USD,us_market,NAS
AUPXX,American Beacon US Government Money Market Fund,,USD,us_market,NAS
AXBXX,PNC Tax Exempt Money Market Class Fund,,USD,us_market,NAS
BBBXX,Sterling Capital National Tax-Free Money Market Fund,,USD,us_market,NAS
BBHXX,BBH US Treasury Money Fund,BBH Trust,USD,us_market,NAS
BBSXX,BBH U.S. Government Money Market Fund,BBH Trust,USD,us_market,NAS
BBTXX,BBH Tax Exempt Money Fund,BBH Trust,USD,us_market,NAS
BCHXX,T-Fund,BlackRock Liquidity Funds,USD,us_market,NAS
BCTXX,California Tax-Free Money Market Fund,American Century California Tax-Free and Municipal Funds,USD,us_market,NAS
BEMXX,T-Fund,BlackRock Liquidity Funds,USD,us_market,NAS
BFBXX,FedFund,BlackRock Liquidity Funds,USD,us_market,NAS
BFCXX,FedFund,BlackRock Liquidity Funds,USD,us_market,NAS
BFDXX,Federal Trust Fund,BlackRock Liquidity Funds,USD,us_market,NAS
BFFXX,FedFund,BlackRock Liquidity Funds,USD,us_market,NAS
BFMXX,Federal Trust Fund,BlackRock Liquidity Funds,USD,us_market,NAS
BFRXX,FedFund,BlackRock Liquidity Funds,USD,us_market,NAS
BFTXX,Federal Trust Fund,BlackRock Liquidity Funds,USD,us_market,NAS
BGCXX,U.S.Government Portfolio,Northern Institutional Funds,USD,us_market,NAS
BGSXX,U.S. Government Select Portfolio,Northern Institutional Funds,USD,us_market,NAS
BIAXX,MuniFund,BlackRock Liquidity Funds,USD,us_market,NAS
BICXX,Deutsche Government Cash Management Fund,Deutsche Money Market Trust,USD,us_market,NAS
BITXX,Treasury Trust Fund,BlackRock Liquidity Funds,USD,us_market,NAS
BLBXX,California Money Fund,BlackRock Liquidity Funds,USD,us_market,NAS
BLFXX,FedFund,BlackRock Liquidity Funds,USD,us_market,NAS
BLSXX,MuniFund,BlackRock Liquidity Funds,USD,us_market,NAS
BMBXX,MuniFund,BlackRock Liquidity Funds,USD,us_market,NAS
BMCXX,BlackRock Money Market Portfolio,BlackRock Funds,USD,us_market,NAS
BMMXX,BofA Massachusetts Municipal Reserves,BofA Funds Series Trust,USD,us_market,NAS
BMPXX,MuniFund,BlackRock Liquidity Funds,USD,us_market,NAS
BNBXX,New York Money Fund,BlackRock Liquidity Funds,USD,us_market,NAS
BNGXX,U.S.Government Portfolio,Northern Institutional Funds,USD,us_market,NAS
BNTXX,Tax-Free Money Market Fund,American Century Municipal Trust,USD,us_market,NAS
BPRXX,Prime Money Market Fund,American Century Investment Trust,USD,us_market,NAS
BPTXX,T-Fund,BlackRock Liquidity Funds,USD,us_market,NAS
BRIXX,Treasury Money Market Fund,Blackrock Funds III,USD,us_market,NAS
BRPXX,FedFund,BlackRock Liquidity Funds,USD,us_market,NAS
BRRXX,TempFund,BlackRock Liquidity Funds,USD,us_market,NAS
BRTXX,TempFund,BlackRock Liquidity Funds,USD,us_market,NAS
BSCXX,U.S. Government Select Portfolio,Northern Institutional Funds,USD,us_market,NAS
BSFXX,,,USD,us_market,NAS
BSLXX,T-Fund,BlackRock Liquidity Funds,USD,us_market,NAS
BTAXX,T-Fund,BlackRock Liquidity Funds,USD,us_market,NAS
BTCXX,Treasury Trust Fund,BlackRock Liquidity Funds,USD,us_market,NAS
BTFXX,Treasury Trust Fund,BlackRock Liquidity Funds,USD,us_market,NAS
BTMXX,TempFund,BlackRock Liquidity Funds,USD,us_market,NAS
BTRXX,T-Fund,BlackRock Liquidity Funds,USD,us_market,NAS
BTVXX,TempFund,BlackRock Liquidity Funds,USD,us_market,NAS
BUCXX,Treasury Trust Fund,BlackRock Liquidity Funds,USD,us_market,NAS
BUPXX,FedFund,BlackRock Liquidity Funds,USD,us_market,NAS
BXBXX,BSY,Test Money Market Fund GP,USD,us_market,NAS
CACXX,Federated Hermes California Municipal Cash Trust,Money Market Obligations Trust,USD,us_market,NAS
CADXX,,,USD,us_market,NAS
CAGXX,Government & Agency Securities Portfolio,Cash Account Trust,USD,us_market,NAS
CAIXX,Federated Hermes California Municipal Cash Trust,Money Market Obligations Trust,USD,us_market,NAS
CALXX,Federated Hermes California Municipal Cash Trust,Money Market Obligations Trust,USD,us_market,NAS
CAPXX,,,USD,us_market,NAS
CCBXX,,,USD,us_market,NAS
CCCXX,Federated Hermes California Municipal Cash Trust,Money Market Obligations Trust,USD,us_market,NAS
CCFXX,American Funds U.S. Government ,,USD,us_market,NAS
CCGXX,,,USD,us_market,NAS
CCRXX,,,USD,us_market,NAS
CCSXX,Federated Hermes California Municipal Cash Trust,Money Market Obligations Trust,USD,us_market,NAS
CDBXX,,,USD,us_market,NAS
CEAXX,Dreyfus Institutional Preferred Treasury Securities Money Market Fund,Citizensselect Funds,USD,us_market,NAS
CEIXX,Dreyfus Institutional Preferred Treasury Securities Money Market Fund,Citizensselect Funds,USD,us_market,NAS
CENXX,,,USD,us_market,NAS
CETXX,,,USD,us_market,NAS
CFMXX,,,USD,us_market,NAS
CGAXX,,,USD,us_market,NAS
CGBXX,,,USD,us_market,NAS
CGIXX,,,USD,us_market,NAS
CGMXX,Columbia Government Money Market Fund,Columbia Funds Series Trust II ,USD,us_market,NAS
CGVXX,,,USD,us_market,NAS
CHSXX,DWS Tax-Exempt Portfolio,Cash Account Trust,USD,us_market,NAS
CHTXX,,,USD,us_market,NAS
CHUXX,,,USD,us_market,NAS
CHZXX,BOFA  CASH RESERVES FUND CLASS ,,USD,us_market,NAS
CIAXX,,,USD,us_market,NAS
CICXX,,,USD,us_market,NAS
CINXX,,,USD,us_market,NAS
CITXX,,,USD,us_market,NAS
CIUXX,,,USD,us_market,NAS
CJLXX,JPMorgan Liquid Assets Money Market Fund,JPMorgan Trust II,USD,us_market,NAS
CJPXX,JPMorgan Prime Money Market Fund,JPMorgan Trust I,USD,us_market,NAS
CJTXX,JPMorgan 100% U.S. Treasury Securities Money Market Fund,JPMorgan Trust I,USD,us_market,NAS
CKAXX,,,USD,us_market,NAS
CKBXX,,,USD,us_market,NAS
CKCXX,,,USD,us_market,NAS
CKEXX,,,USD,us_market,NAS
CKFXX,,,USD,us_market,NAS
CLIXX,,,USD,us_market,NAS
CLNXX,Columbia Money Market Fund,Columbia Funds Series Trust II,USD,us_market,NAS
CMOXX,,,USD,us_market,NAS
CMRXX,Columbia Money Market Fund,Columbia Funds Series Trust II,USD,us_market,NAS
CNFXX,City National Rochdale Government Money Market Fund,City National Rochdale Funds,USD,us_market,NAS
CNGXX,City National Rochdale Government Money Market Fund,City National Rochdale Funds,USD,us_market,NAS
CNIXX,City National Rochdale Government Money Market Fund,City National Rochdale Funds,USD,us_market,NAS
CNYXX,,,USD,us_market,NAS
CORXX,,,USD,us_market,NAS
CPFXX,Capital Preservation Fund,American Century Government Income Trust,USD,us_market,NAS
CPGXX,,,USD,us_market,NAS
CPRXX,,,USD,us_market,NAS
CPTXX,,,USD,us_market,NAS
CRAXX,BOFA TAX EXEMPT RESERVES RETAIL,,USD,us_market,NAS
CRCXX,,,USD,us_market,NAS
CRFXX,,,USD,us_market,NAS
CRGXX,,,USD,us_market,NAS
CRHXX,MFS U.S. Government Cash Reserve Fund,MFS Series Trust I,USD,us_market,NAS
CRJXX,MFS U.S. Government Cash Reserve Fund,MFS Series Trust I,USD,us_market,NAS
CRKXX,MFS U.S. Government Cash Reserve Fund,MFS Series Trust I,USD,us_market,NAS
CRMXX,MFS U.S. Government Cash Reserve Fund,MFS Series Trust I,USD,us_market,NAS
CRRXX,MFS U.S. Government Cash Reserve Fund,MFS Series Trust I,USD,us_market,NAS
CRTXX,BofA Government Reserves,BofA Funds Series Trust,USD,us_market,NAS
CRVXX,MFS U.S. Government Cash Reserve Fund,MFS Series Trust I,USD,us_market,NAS
CRZXX,BOFA MUNICIPAL RESERVES FUND CL,,USD,us_market,NAS
CSGXX,,,USD,us_market,NAS
CSTXX,,,USD,us_market,NAS
CTAXX,,,USD,us_market,NAS
CTBXX,,,USD,us_market,NAS
CTIXX,,,USD,us_market,NAS
CTOXX,,,USD,us_market,NAS
CTRXX,,,USD,us_market,NAS
CUBXX,,,USD,us_market,NAS
CUCXX,,,USD,us_market,NAS
CURXX,,,USD,us_market,NAS
CUSXX,,,USD,us_market,NAS
CUTXX,,,USD,us_market,NAS
CVAXX,,,USD,us_market,NAS
CVBXX,,,USD,us_market,NAS
CVCXX,,,USD,us_market,NAS
CVGXX,BofA Money Market Reserves,BofA Funds Series Trust,USD,us_market,NAS
CVPXX,Invesco Liquid Assets Portfolio,Short-Term Investment Trust,USD,us_market,NAS
CVRXX,BOFA GOVERNMENT PLUS RESERVES R,,USD,us_market,NAS
CVSXX,BOFA MONEY MARKET RESERVES FUND,,USD,us_market,NAS
CVTXX,BofA Government Plus Reserves,BofA Funds Series Trust,USD,us_market,NAS
CXCXX,,,USD,us_market,NAS
CXFXX,,,USD,us_market,NAS
CXIXX,,,USD,us_market,NAS
CYAXX,BOFA NY TAX EXEMPT RESERVES RET,,USD,us_market,NAS
CYGXX,BOFA NY TAX EXEMPT  RESERVES G ,,USD,us_market,NAS
CZEXX,Dreyfus Prime Money Market Fund,CitizensSelect Funds,USD,us_market,NAS
DACXX,Dreyfus Cash Management Fund,,USD,us_market,NAS
DAGXX,Dreyfus Government Cash Management Fund,,USD,us_market,NAS
DAPXX,Dreyfus Government Prime Cash Management,Dreyfus Government Cash Management Funds,USD,us_market,NAS
DARXX,Dreyfus Treasury Securities Cash Management,,USD,us_market,NAS
DBAXX,"Dreyfus BASIC Money Market Fund, Inc",,USD,us_market,NAS
DBBXX,Government & Agency Securities Portfolio,Cash Account Trust,USD,us_market,NAS
DCGXX,,,USD,us_market,NAS
DCMXX,Government & Agency Securities Portfolio,Cash Account Trust,USD,us_market,NAS
DEIXX,Dreyfus AMT-Free Tax Exempt Cash Management,Dreyfus Tax Exempt Cash Management Funds,USD,us_market,NAS
DFRXX,Morgan Stanley Tax-Free Daily Income Trust,Morgan Stanley Tax-Free Daily Income Trust,USD,us_market,NAS
DFSXX,Morgan Stanley California Tax-Free Daily Income Trust,Morgan Stanley California Tax-Free Daily Income Trust,USD,us_market,NAS
DGAXX,Daily Government Fund,Monarch Funds,USD,us_market,NAS
DGCXX,Dreyfus Government Cash Management Fund,,USD,us_market,NAS
DGEXX,Morgan Stanley U.S Government Money Market Trust Fund,,USD,us_market,NAS
DGPXX,Dreyfus Government Prime Cash Management,Dreyfus Government Cash Management Funds,USD,us_market,NAS
DGQXX,Dreyfus Government Cash Management Fund,,USD,us_market,NAS
DGUXX,Dreyfus Government Cash Management Fund,,USD,us_market,NAS
DGVXX,Dreyfus Government Cash Management Fund,,USD,us_market,NAS
DHLXX,Dreyfus Institutional Treasury and Agency Cash Advantage Fund,Dreyfus Institutional Reserves Funds,USD,us_market,NAS
DHMXX,Dreyfus Institutional Treasury Securities Cash Advantage Fund,Dreyfus Institutional Reserves Funds,USD,us_market,NAS
DICXX,Dreyfus Cash Management Fund,,USD,us_market,NAS
DIMXX,Dreyfus AMT-Free Municipal Cash Management Plus,Dreyfus AMT-Free Municipal Cash Management Plus,USD,us_market,NAS
DIPXX,Dreyfus Government Prime Cash Management,Dreyfus Government Cash Management Funds,USD,us_market,NAS
DIQXX,Dreyfus Institutional Preferred Money Market Fund,,USD,us_market,NAS
DIRXX,Dreyfus Treasury Securities Cash Management,,USD,us_market,NAS
DIYXX,Dreyfus AMT-Free New York Municipal Cash Management,Dreyfus AMT-Free New York Municipal Cash Management,USD,us_market,NAS
DLAXX,"Dreyfus Liquid Assets, Inc.",,USD,us_market,NAS
DLBXX,"Dreyfus Liquid Assets, Inc.",,USD,us_market,NAS
DLZXX,"Dreyfus Liquid Assets, Inc.",,USD,us_market,NAS
DMDXX,Dreyfus AMT-Free New York Municipal Cash Management,Dreyfus AMT-Free New York Municipal Cash Management,USD,us_market,NAS
DMEXX,Dreyfus Institutional Treasury Securities Cash Advantage Fund,Dreyfus Institutional Reserves Funds,USD,us_market,NAS
DMSXX,,,USD,us_market,NAS
DMUXX,Dreyfus AMT-Free Municipal Cash Management Plus,Dreyfus AMT-Free Municipal Cash Management Plus,USD,us_market,NAS
DNSXX,Dreyfus Institutional Treasury and Agency Cash Advantage Fund,Dreyfus Institutional Reserves Funds,USD,us_market,NAS
DOAXX,DWS Cash Investment Trust,DWS Money Market Prime Series,USD,us_market,NAS
DOCXX,Deutsche Money Market Prime Series : Deutsche Cash Investment Trust,Deutsche Money Funds,USD,us_market,NAS
DOLXX,,,USD,us_market,NAS
DOSXX,DWS Cash Investment Trust,DWS Money Market Prime Series,USD,us_market,NAS
DPFXX,Dreyfus Institutional Preferred Money Market Fund,,USD,us_market,NAS
DPGXX,Dreyfus Government Cash Management Fund,,USD,us_market,NAS
DPRXX,Dreyfus Treasury Securities Cash Management,,USD,us_market,NAS
DRSXX,Dreyfus Institutional Preferred Money Market Fund,,USD,us_market,NAS
DSCXX,Morgan Stanley California Tax-Free Daily Income Trust,Morgan Stanley California Tax-Free Daily Income Trust,USD,us_market,NAS
DSHXX,Dreyfus Institutional Preferred Government Money Market Fund,Dreyfus Institutional Reserves Funds,USD,us_market,NAS
DSTXX,Morgan Stanley California Tax-Free Daily Income Trust,Morgan Stanley California Tax-Free Daily Income Trust,USD,us_market,NAS
DSVXX,Dreyfus Institutional Preferred Government Money Market Fund,Dreyfus Institutional Reserves Funds,USD,us_market,NAS
DTAXX,Dreyfus Treasury Obligations Cash Management,,USD,us_market,NAS
DTBXX,DWS Tax-Exempt Portfolio,Cash Account Trust,USD,us_market,NAS
DTCXX,DWS Tax-Exempt Portfolio,Cash Account Trust,USD,us_market,NAS
DTDXX,DWS Tax-Exempt Portfolio,Cash Account Trust,USD,us_market,NAS
DTFXX,,,USD,us_market,NAS
DTGXX,Government & Agency Securities Portfolio,Cash Account Trust,USD,us_market,NAS
DTHXX,Dreyfus Treasury Securities Cash Management,,USD,us_market,NAS
DTJXX,Dreyfus Treasury Securities Cash Management,,USD,us_market,NAS
DTKXX,Dreyfus Treasury Obligations Cash Management,,USD,us_market,NAS
DTLXX,Dreyfus Treasury and Agency Liquidity Money Market Fund,Dreyfus Institutional Liquidity Funds,USD,us_market,NAS
DTNXX,Dreyfus Treasury Obligations Cash Management,,USD,us_market,NAS
DTPXX,Dreyfus Treasury Obligations Cash Management,,USD,us_market,NAS
DTRXX,Dreyfus Treasury Obligations Cash Management,,USD,us_market,NAS
DTVXX,Dreyfus Treasury Obligations Cash Management,,USD,us_market,NAS
DUPXX,Dreyfus Institutional Treasury Securities Cash Advantage Fund,Dreyfus Institutional Reserves Funds,USD,us_market,NAS
DVCXX,Dreyfus Cash Management Fund,,USD,us_market,NAS
DVMXX,Dreyfus AMT-Free Municipal Cash Management Plus,Dreyfus AMT-Free Municipal Cash Management Plus,USD,us_market,NAS
DVPXX,Dreyfus Government Prime Cash Management,Dreyfus Government Cash Management Funds,USD,us_market,NAS
DVRXX,Dreyfus Treasury Securities Cash Management,,USD,us_market,NAS
DVYXX,Dreyfus AMT-Free New York Municipal Cash Management,Dreyfus AMT-Free New York Municipal Cash Management,USD,us_market,NAS
DWGXX,Morgan Stanley U.S Government Money Market Trust Fund,,USD,us_market,NAS
EADXX,Evergreen Prime Cash Management Money Market Fund,,USD,us_market,NAS
EAFXX,American Funds U.S. Government ,,USD,us_market,NAS
ECMXX,,,USD,us_market,NAS
ECUXX,,,USD,us_market,NAS
EDTXX,,,USD,us_market,NAS
EGAXX,Evergreen U.S. Government Money Market Fund,,USD,us_market,NAS
EGIXX,,,USD,us_market,NAS
EGMXX,,,USD,us_market,NAS
EGNXX,,,USD,us_market,NAS
EGPXX,,,USD,us_market,NAS
EGSXX,,,USD,us_market,NAS
EIDXX,,,USD,us_market,NAS
EIMXX,,,USD,us_market,NAS
EINXX,,,USD,us_market,NAS
EIPXX,,,USD,us_market,NAS
EISXX,Municipal Cash Management Money Market Fund,Wells Fargo Advantage Money Market Funds,USD,us_market,NAS
EITXX,,,USD,us_market,NAS
EJGXX,JPMorgan U.S. Government Money Market Fund,JPMorgan Trust II,USD,us_market,NAS
EJPXX,JPMorgan Prime Money Market Fund,JPMorgan Trust I,USD,us_market,NAS
EJTXX,JPMorgan 100% U.S. Treasury Securities Money Market Fund,JPMorgan Trust I,USD,us_market,NAS
EJUXX,JPMorgan U.S. Treasury Plus Money Market Fund,JPMorgan Trust II,USD,us_market,NAS
ELFXX,State Street ESG Liquid Reserves Fund Institutional Class,,USD,us_market,NAS
ELMXX,Elfun Government Money Market Fund,,USD,us_market,NAS
ELRXX,State Street ESG Liquid Reserves Fund Premier Class,,USD,us_market,NAS
EMAXX,,,USD,us_market,NAS
EMBXX,,,USD,us_market,NAS
EMCXX,,,USD,us_market,NAS
EMDXX,,,USD,us_market,NAS
EMIXX,Evergreen Institutional Money Market Fund,,USD,us_market,NAS
EMMXX,Municipal Cash Management Money Market Fund,Wells Fargo Advantage Money Market Funds,USD,us_market,NAS
EMNXX,,,USD,us_market,NAS
EMPXX,,,USD,us_market,NAS
EMSXX,,,USD,us_market,NAS
ENTXX,,,USD,us_market,NAS
ENVXX,Esg Liquid Reserve Fund,State Street Institutional Investment Trust,USD,us_market,NAS
EPRXX,,,USD,us_market,NAS
ERPXX,Evergreen Prime Cash Management Money Market Fund,,USD,us_market,NAS
ESGXX,DWS ESG Liquidity Fund,Investors Cash Trust,USD,us_market,NAS
ESIXX,DWS ESG Liquidity Fund,Investors Cash Trust,USD,us_market,NAS
ESNXX,Evergreen Prime Cash Management Money Market Fund,,USD,us_market,NAS
ESRXX,DWS ESG Liquidity Fund,Investors Cash Trust,USD,us_market,NAS
ESSXX,Evergreen Prime Cash Management Money Market Fund,,USD,us_market,NAS
ESTXX,,,USD,us_market,NAS
ETAXX,Evergreen Treasury Money Market Fund,,USD,us_market,NAS
ETRXX,,,USD,us_market,NAS
ETYXX,Evergreen Treasury Money Market Fund,,USD,us_market,NAS
EUIXX,,,USD,us_market,NAS
EVMXX,,,USD,us_market,NAS
EVTXX,,,USD,us_market,NAS
EXAXX,,,USD,us_market,NAS
FAAXX,Government Obligations Fund,"First American Funds, Inc.",USD,us_market,NAS
FACXX,Daily Cah Fund,Monarch Funds,USD,us_market,NAS
FADXX,Goldman Sachs Financial Square Money Market Fund,Goldman Sachs Trust,USD,us_market,NAS
FAFXX,,,USD,us_market,NAS
FAIXX,First American Institutional Prime Obligations Fund,"First American Funds, Inc.",USD,us_market,NAS
FAMXX,,,USD,us_market,NAS
FAPXX,Retail Prime Obligations Fund,"First American Funds, Inc.",USD,us_market,NAS
FATXX,Treasury Obligations Fund,"First American Funds, Inc.",USD,us_market,NAS
FBAXX,Goldman Sachs Financial Square Prime Obligations Fund,Goldman Sachs Trust,USD,us_market,NAS
FBLXX,,,USD,us_market,NAS
FBSXX,Goldman Sachs Financial Square Prime Obligations Fund,Goldman Sachs Trust,USD,us_market,NAS
FCEXX,Treasury Portfolio,Fidelity Colchester Street Trust,USD,us_market,NAS
FCFXX,Fidelity California Municipal Money Market Fund,Fidelity California Municipal Trust II,USD,us_market,NAS
FCGXX,Government Portfolio,Fidelity Colchester Street Trust,USD,us_market,NAS
FCIXX,Money Market Portfolio,Fidelity Colchester Street Trust,USD,us_market,NAS
FCMXX,Fidelity Connecticut Municipal Money Market Fund,Fidelity Court Street Trust II,USD,us_market,NAS
FCOXX,Money Market Portfolio,Fidelity Colchester Street Trust,USD,us_market,NAS
FCSXX,Treasury Portfolio,Fidelity Colchester Street Trust,USD,us_market,NAS
FCVXX,Government Portfolio,Fidelity Colchester Street Trust,USD,us_market,NAS
FCYXX,Investor Tax-Exempt Money Market Fund,Goldman Sachs Trust,USD,us_market,NAS
FDCXX,Treasury Fund,Fidelity Newbury Street Trust,USD,us_market,NAS
FDEXX,Tax-Exempt Fund,Fidelity Newbury Street Trust,USD,us_market,NAS
FDLXX,Fidelity Treasury Only Money Market Fund,Fidelity Hereford Street Trust,USD,us_market,NAS
FDMXX,Fidelity Massachusetts Municipal Money Market Fund,Fidelity Massachusetts Municipal Trust,USD,us_market,NAS
FDRXX,Fidelity Cash Reserves,Fidelity Phillips Street Trust,USD,us_market,NAS
FDUXX,Treasury Fund,Fidelity Newbury Street Trust,USD,us_market,NAS
FEAXX,Goldman Sachs Investor Tax-Exempt Money Market Fund,Goldman Sachs Trust,USD,us_market,NAS
FEDXX,Goldman Sachs Financial Square Federal Fund,Goldman Sachs Trust,USD,us_market,NAS
FEIXX,Retail Prime Obligations Fund,"First American Funds, Inc.",USD,us_market,NAS
FELXX,,,USD,us_market,NAS
FERXX,Tax-Exempt Fund,Fidelity Newbury Street Trust,USD,us_market,NAS
FESXX,Goldman Sachs Investor Tax-Exempt Money Market Fund,Goldman Sachs Trust,USD,us_market,NAS
FETXX,Tax-Exempt Portfolio,Fidelity Colchester Street Trust,USD,us_market,NAS
FEXXX,Tax-Exempt Portfolio,Fidelity Colchester Street Trust,USD,us_market,NAS
FFCXX,Retail Tax Free Obligations Fund,"First American Funds, Inc.",USD,us_market,NAS
FFFXX,American Funds U.S. Government Money Market Fund,,USD,us_market,NAS
FFMXX,The Money Market Fund,Meeder Funds,USD,us_market,NAS
FFTXX,Federated Institutional Tax-Free Cash Trust,Money Market Obligations Trust,USD,us_market,NAS
FGAXX,Goldman Sachs Financial Square Treasury Obligations Fund,Goldman Sachs Trust,USD,us_market,NAS
FGDXX,Government Obligations Fund,"First American Funds, Inc.",USD,us_market,NAS
FGEXX,Government Portfolio,Fidelity Colchester Street Trust,USD,us_market,NAS
FGGXX,Goldman Sachs Financial Square Government Fund,Goldman Sachs Trust,USD,us_market,NAS
FGNXX,Government Money Market Fund,Fidelity Salem Street Trust,USD,us_market,NAS
FGTXX,Goldman Sachs Financial Square Government Fund,Goldman Sachs Trust,USD,us_market,NAS
FGUXX,Government Obligations Fund,"First American Funds, Inc.",USD,us_market,NAS
FGVXX,Government Obligations Fund,"First American Funds, Inc.",USD,us_market,NAS
FGXXX,Government Obligations Fund,"First American Funds, Inc.",USD,us_market,NAS
FGZXX,Government Obligations Fund,"First American Funds, Inc.",USD,us_market,NAS
FHIXX,Retail Tax Free Obligations Fund,"First American Funds, Inc.",USD,us_market,NAS
FHMXX,Investor Money Market Fund,Goldman Sachs Trust,USD,us_market,NAS
FHRXX,Investor Money Market Fund,Goldman Sachs Trust,USD,us_market,NAS
FHSXX,Investor Money Market Fund,Goldman Sachs Trust,USD,us_market,NAS
FIAXX,,,USD,us_market,NAS
FIGXX,Government Portfolio,Fidelity Colchester Street Trust,USD,us_market,NAS
FIHXX,Goldman Sachs Financial Square Federal Fund,Goldman Sachs Trust,USD,us_market,NAS
FIJXX,Goldman Sachs Financial Square Federal Fund,Goldman Sachs Trust,USD,us_market,NAS
FIKXX,Goldman Sachs Financial Square Federal Fund,Goldman Sachs Trust,USD,us_market,NAS
FILXX,Goldman Sachs Financial Square Federal Fund,Goldman Sachs Trust,USD,us_market,NAS
FIOXX,Goldman Sachs Financial Square Federal Fund,Goldman Sachs Trust,USD,us_market,NAS
FIQXX,Goldman Sachs Financial Square Federal Fund,Goldman Sachs Trust,USD,us_market,NAS
FIRXX,Goldman Sachs Financial Square Federal Fund,Goldman Sachs Trust,USD,us_market,NAS
FISXX,Treasury Portfolio,Fidelity Colchester Street Trust,USD,us_market,NAS
FITXX,,,USD,us_market,NAS
FIUXX,First American Institutional Prime Obligations Fund,"First American Funds, Inc.",USD,us_market,NAS
FIWXX,Goldman Sachs Financial Square Federal Fund,Goldman Sachs Trust,USD,us_market,NAS
FIXXX,,,USD,us_market,NAS
FKIXX,Investor Tax-Exempt Money Market Fund,Goldman Sachs Trust,USD,us_market,NAS
FLGXX,Fidelity Hereford Street Trust-Flexible Government Money Market Fund,Fidelity Hereford Street Trust-Flexible Government Money Market Fund,USD,us_market,NAS
FLIXX,Treasury Obligations Fund,"First American Funds, Inc.",USD,us_market,NAS
FLPXX,Institutional Prime Money Market Fund,Meeder Funds,USD,us_market,NAS
FMAXX,Fidelity Massachusetts AMT Tax-Free Money Market Fund,Fidelity Massachusetts Municipal Trust,USD,us_market,NAS
FMEXX,Investor Money Market Fund,Goldman Sachs Trust,USD,us_market,NAS
FMFXX,Franklin U.S. Government Money Fund,,USD,us_market,NAS
FMGXX,Investor Money Market Fund,Goldman Sachs Trust,USD,us_market,NAS
FMHXX,Fidelity Massachusetts AMT Tax-Free Money Market Fund,Fidelity Massachusetts Municipal Trust,USD,us_market,NAS
FMIXX,Fidelity Michigan Municipal Money Market Fund,Fidelity Municipal Trust II,USD,us_market,NAS
FMJXX,Investor Money Market Fund,Goldman Sachs Trust,USD,us_market,NAS
FMKXX,Investor Money Market Fund,Goldman Sachs Trust,USD,us_market,NAS
FMOXX,Tax-Exempt Fund,Fidelity Newbury Street Trust,USD,us_market,NAS
FMPXX,Money Market Portfolio,Fidelity Colchester Street Trust,USD,us_market,NAS
FMQXX,Fidelity SAI Municipal Money Market Fund,Fidelity Salem Street Trust,USD,us_market,NAS
FMSXX,Fidelity Massachusetts AMT Tax-Free Money Market Fund,Fidelity Massachusetts Municipal Trust,USD,us_market,NAS
FMYXX,Money Market Portfolio,Fidelity Colchester Street Trust,USD,us_market,NAS
FNBXX,Fidelity Government Money Market Fund,Fidelity Hereford Street Trust,USD,us_market,NAS
FNCXX,Federated New York Municipal Cash Trust,Money Market Obligations Trust,USD,us_market,NAS
FNJXX,Fidelity New Jersey Municipal Money Market Fund,Fidelity Court Street Trust II,USD,us_market,NAS
FNKXX,Fidelity New York AMT Tax-Free Money Market Fund,Fidelity New York Municipal Trust II,USD,us_market,NAS
FNNXX,Fidelity New Jersey AMT Tax-Free Money Market Fund,Fidelity Court Street Trust II,USD,us_market,NAS
FNOXX,Fidelity New York AMT Tax-Free Money Market Fund,Fidelity New York Municipal Trust II,USD,us_market,NAS
FNSXX,Money Market Portfolio,Fidelity Colchester Street Trust,USD,us_market,NAS
FNTXX,Federated New York Municipal Cash Trust,Money Market Obligations Trust,USD,us_market,NAS
FNYXX,Fidelity New York Municipal Money Market Fund,Fidelity New York Municipal Trust II,USD,us_market,NAS
FOAXX,Goldman Sachs Financial Square Government Fund,Goldman Sachs Trust,USD,us_market,NAS
FOCXX,Treasury Obligations Fund,"First American Funds, Inc.",USD,us_market,NAS
FODXX,U.S. Treasury Money Market Fund,"First American Funds, Inc.",USD,us_market,NAS
FOEXX,U.S. Treasury Money Market Fund,"First American Funds, Inc.",USD,us_market,NAS
FOIXX,Treasury Only Portfolio,Fidelity Colchester Street Trust,USD,us_market,NAS
FOMXX,Fidelity Ohio Municipal Money Market Fund,Fidelity Municipal Trust II,USD,us_market,NAS
FOPXX,Treasury Only Portfolio,Fidelity Colchester Street Trust,USD,us_market,NAS
FOSXX,Goldman Sachs Financial Square Government Fund,Goldman Sachs Trust,USD,us_market,NAS
FOXXX,Treasury Only Portfolio,Fidelity Colchester Street Trust,USD,us_market,NAS
FOYXX,U.S. Treasury Money Market Fund,"First American Funds, Inc.",USD,us_market,NAS
FOZXX,U.S. Treasury Money Market Fund,"First American Funds, Inc.",USD,us_market,NAS
FPIXX,First American Institutional Prime Obligations Fund,"First American Funds, Inc.",USD,us_market,NAS
FPOXX,Goldman Sachs Financial Square Prime Obligations Fund,Goldman Sachs Trust,USD,us_market,NAS
FPPXX,Government Obligations Fund,"First American Funds, Inc.",USD,us_market,NAS
FPTXX,Fidelity Pennsylvania Municipal Money Market Fund,Fidelity Municipal Trust II,USD,us_market,NAS
FPUXX,Retail Prime Obligations Fund,"First American Funds, Inc.",USD,us_market,NAS
FPXXX,Federal Trust Fund,BlackRock Liquidity Funds,USD,us_market,NAS
FPZXX,First American Institutional Pr,,USD,us_market,NAS
FRAXX,Goldman Sachs Financial Square Treasury Instruments Fund,Goldman Sachs Trust,USD,us_market,NAS
FRBXX,Treasury Portfolio,Fidelity Colchester Street Trust,USD,us_market,NAS
FREXX,,,USD,us_market,NAS
FRFXX,Federated Hermes Capital Reserve Fund,Money Market Obligations Trust,USD,us_market,NAS
FRGXX,Government Portfolio,Fidelity Colchester Street Trust,USD,us_market,NAS
FRNXX,,,USD,us_market,NAS
FRQXX,Franklin U.S. Government Money Fund,,USD,us_market,NAS
FRRXX,Franklin U.S. Government Money Fund,,USD,us_market,NAS
FRSXX,Treasury Only Portfolio,Fidelity Colchester Street Trust,USD,us_market,NAS
FSAXX,Fidelity Arizona Municipal Money Market Fund,Fidelity Union Street Trust II,USD,us_market,NAS
FSBXX,Fidelity California AMT Tax-Free Money Market Fund,Fidelity California Municipal Trust II,USD,us_market,NAS
FSGXX,Goldman Sachs Financial Square Government Fund,Goldman Sachs Trust,USD,us_market,NAS
FSIXX,Treasury Only Portfolio,Fidelity Colchester Street Trust,USD,us_market,NAS
FSJXX,Fidelity New Jersey AMT Tax-Free Money Market Fund,Fidelity Court Street Trust II,USD,us_market,NAS
FSKXX,Fidelity New Jersey AMT Tax-Free Money Market Fund,Fidelity Court Street Trust II,USD,us_market,NAS
FSMXX,Goldman Sachs Financial Square Money Market Fund,Goldman Sachs Trust,USD,us_market,NAS
FSNXX,Fidelity New York AMT Tax-Free Money Market Fund,Fidelity New York Municipal Trust II,USD,us_market,NAS
FSOXX,Goldman Sachs Financial Square Government Fund,Goldman Sachs Trust,USD,us_market,NAS
FSPXX,Fidelity California AMT Tax-Free Money Market Fund,Fidelity California Municipal Trust II,USD,us_market,NAS
FSRXX,Treasury Fund,Fidelity Newbury Street Trust,USD,us_market,NAS
FSSXX,Fidelity California AMT Tax-Free Money Market Fund,Fidelity California Municipal Trust II,USD,us_market,NAS
FSUXX,,,USD,us_market,NAS
FSVXX,Goldman Sachs Financial Square Money Market Fund,Goldman Sachs Trust,USD,us_market,NAS
FSXXX,Tax-Exempt Portfolio,Fidelity Colchester Street Trust,USD,us_market,NAS
FTAXX,Retail Tax Free Obligations Fund,"First American Funds, Inc.",USD,us_market,NAS
FTCXX,Tax-Exempt Portfolio,Fidelity Colchester Street Trust,USD,us_market,NAS
FTDXX,Treasury Obligations Fund,"First American Funds, Inc.",USD,us_market,NAS
FTEXX,Fidelity Municipal Money Market Fund,Fidelity Union Street Trust II,USD,us_market,NAS
FTFXX,Federated Institutional Tax-Free Cash Trust,Money Market Obligations Trust,USD,us_market,NAS
FTGXX,Government Obligations Fund,"First American Funds, Inc.",USD,us_market,NAS
FTIXX,Goldman Sachs Financial Square Treasury Instruments Fund,Goldman Sachs Trust,USD,us_market,NAS
FTJXX,Retail Tax Free Obligations Fund,"First American Funds, Inc.",USD,us_market,NAS
FTKXX,U.S. Treasury Money Market Fund,"First American Funds, Inc.",USD,us_market,NAS
FTOXX,Goldman Sachs Financial Square Treasury Obligations Fund,Goldman Sachs Trust,USD,us_market,NAS
FTQXX,Franklin U.S. Government Money Fund,,USD,us_market,NAS
FTRXX,HSBC U.S. Government Money Market Fund,HSBC Funds,USD,us_market,NAS
FTTXX,Fifth Third US Treasury Money Market Fund,Fifth Third Funds,USD,us_market,NAS
FTUXX,Treasury Portfolio,Fidelity Colchester Street Trust,USD,us_market,NAS
FTVXX,Treasury Portfolio,Fidelity Colchester Street Trust,USD,us_market,NAS
FTXXX,Goldman Sachs Investor Tax-Exempt Money Market Fund,Goldman Sachs Trust,USD,us_market,NAS
FTYXX,Treasury Only Portfolio,Fidelity Colchester Street Trust,USD,us_market,NAS
FTZXX,Retail Tax Free Obligations Fund,"First American Funds, Inc.",USD,us_market,NAS
FUGXX,Invesco Premier U.S. Government Money Portfolio,Invesco Treasurers Series Trust,USD,us_market,NAS
FUIXX,U.S. Treasury Money Market Fund,"First American Funds, Inc.",USD,us_market,NAS
FUPXX,Treasury Obligations Fund,"First American Funds, Inc.",USD,us_market,NAS
FUSXX,,,USD,us_market,NAS
FUZXX,Treasury Obligations Fund,"First American Funds, Inc.",USD,us_market,NAS
FVAXX,Goldman Sachs Financial Square Federal Fund,Goldman Sachs Trust,USD,us_market,NAS
FVIXX,Government Obligations Fund,"First American Funds, Inc.",USD,us_market,NAS
FVSXX,Goldman Sachs Financial Square Federal Fund,Goldman Sachs Trust,USD,us_market,NAS
FXAXX,,,USD,us_market,NAS
FXFXX,Treasury Obligations Fund,"First American Funds, Inc.",USD,us_market,NAS
FXIXX,,,USD,us_market,NAS
FXPXX,,,USD,us_market,NAS
FXRXX,U.S. Treasury Money Market Fund,"First American Funds, Inc.",USD,us_market,NAS
FXSXX,,,USD,us_market,NAS
FXTXX,,,USD,us_market,NAS
FYAXX,Goldman Sachs Financial Square Treasury Obligations Fund,Goldman Sachs Trust,USD,us_market,NAS
FYRXX,Retail Prime Obligations Fund,"First American Funds, Inc.",USD,us_market,NAS
FYSXX,Goldman Sachs Financial Square Treasury Instruments Fund,Goldman Sachs Trust,USD,us_market,NAS
FZAXX,Fidelity Government Money Market Fund,Fidelity Hereford Street Trust,USD,us_market,NAS
FZBXX,Fidelity Government Money Market Fund,Fidelity Hereford Street Trust,USD,us_market,NAS
FZCXX,Fidelity Government Money Market Fund,Fidelity Hereford Street Trust,USD,us_market,NAS
FZDXX,Fidelity Money Market Fund,Fidelity Hereford Street Trust,USD,us_market,NAS
FZEXX,Tax-Exempt Fund,Fidelity Newbury Street Trust,USD,us_market,NAS
FZFXX,Treasury Fund,Fidelity Newbury Street Trust,USD,us_market,NAS
FZGXX,Fidelity Government Money Market Fund,Fidelity Hereford Street Trust,USD,us_market,NAS
FZRXX,Retail Prime Obligations Fund,"First American Funds, Inc.",USD,us_market,NAS
GABXX,The Gabelli U.S. Treasury Money Market Fund,The Gabelli Money Market Funds,USD,us_market,NAS
GBAXX,The Gabelli U.S. Treasury Money Market Fund,The Gabelli Money Market Funds,USD,us_market,NAS
GBCXX,The Gabelli U.S. Treasury Money Market Fund,The Gabelli Money Market Funds,USD,us_market,NAS
GBMXX,"General Municipal Money Market Funds, Inc.",,USD,us_market,NAS
GBRXX,Goldman Sachs Financial Square Prime Obligations Fund,Goldman Sachs Trust,USD,us_market,NAS
GCFXX,Goldman Sachs Financial Square Federal Fund,Goldman Sachs Trust,USD,us_market,NAS
GCGXX,Goldman Sachs Financial Square Government Fund,Goldman Sachs Trust,USD,us_market,NAS
GCIXX,Goldman Sachs Financial Square Treasury Instruments Fund,Goldman Sachs Trust,USD,us_market,NAS
GCKXX,Goldman Sachs Financial Square Money Market Fund,Goldman Sachs Trust,USD,us_market,NAS
GCNXX,"BOFA FDS SRS TR, BOFA CT MUNI R",,USD,us_market,NAS
GCPXX,Goldman Sachs Financial Square Prime Obligations Fund,Goldman Sachs Trust,USD,us_market,NAS
GCTXX,Goldman Sachs Financial Square Treasury Obligations Fund,Goldman Sachs Trust,USD,us_market,NAS
GCUXX,"BOFA FDS SRS TR, BOFA  CT MUNIC",,USD,us_market,NAS
GCXXX,Goldman Sachs Investor Tax-Exempt Money Market Fund,Goldman Sachs Trust,USD,us_market,NAS
GFAXX,Government Fund,SEI Daily Income Trust,USD,us_market,NAS
GFCXX,Goldman Sachs Financial Square Federal Fund,Goldman Sachs Trust,USD,us_market,NAS
GFOXX,Goldman Sachs Financial Square Prime Obligations Fund,Goldman Sachs Trust,USD,us_market,NAS
GFPXX,Goldman Sachs Financial Square Federal Fund,Goldman Sachs Trust,USD,us_market,NAS
GFRXX,Goldman Sachs Financial Square Federal Fund,Goldman Sachs Trust,USD,us_market,NAS
GFSXX,Federated Government Obligations Fund,Money Market Obligations Trust,USD,us_market,NAS
GFYXX,Federated Government Obligations Fund,Money Market Obligations Trust,USD,us_market,NAS
GGDXX,General Government Securities Money Market,"General Government Securities Money Market Funds, Inc.",USD,us_market,NAS
GGPXX,Goldman Sachs Financial Square Government Fund,Goldman Sachs Trust,USD,us_market,NAS
GGSXX,General Government Securities Money Market,"General Government Securities Money Market Funds, Inc.",USD,us_market,NAS
GICXX,Goldman Sachs Financial Square Treasury Instruments Fund,Goldman Sachs Trust,USD,us_market,NAS
GIPXX,Goldman Sachs Financial Square Treasury Instruments Fund,Goldman Sachs Trust,USD,us_market,NAS
GIRXX,Goldman Sachs Financial Square Treasury Instruments Fund,Goldman Sachs Trust,USD,us_market,NAS
GMAXX,"BOFA FDS SRS TR, BOFA MA MUNICI",,USD,us_market,NAS
GMBXX,"General Money Market Fund, Inc.",,USD,us_market,NAS
GMCXX,Invesco U.S. Government Money Portfolio,AIM Investment Secs Fds (Invesco Invt Secs Fds),USD,us_market,NAS
GMGXX,"General Money Market Fund, Inc.",,USD,us_market,NAS
GMHXX,"General Municipal Money Market Funds, Inc.",,USD,us_market,NAS
GMIXX,Nationwide Money Market Fund,Nationwide Mutual Funds,USD,us_market,NAS
GMLXX,Invesco U.S. Government Money Portfolio,AIM Investment Secs Fds (Invesco Invt Secs Fds),USD,us_market,NAS
GMMXX,"General Money Market Fund, Inc.",,USD,us_market,NAS
GMOXX,AB Government Money Market Portfolio,"AB Fixed-Income Shares, Inc.",USD,us_market,NAS
GMQXX,Invesco U.S. Government Money Portfolio,AIM Investment Secs Fds (Invesco Invt Secs Fds),USD,us_market,NAS
GMRXX,Invesco U.S. Government Money Portfolio,AIM Investment Secs Fds (Invesco Invt Secs Fds),USD,us_market,NAS
GMSXX,AB Government Money Market Portfolio,"AB Fixed-Income Shares, Inc.",USD,us_market,NAS
GMVXX,,,USD,us_market,NAS
GMYXX,Money Market Fund,GuideStone Funds,USD,us_market,NAS
GMZXX,Money Market Fund,GuideStone Funds,USD,us_market,NAS
GNBXX,General New York AMT-Free Municipal Money Market Fund,General New York AMT-Free Municipal Money Market Fund,USD,us_market,NAS
GNMXX,General New York AMT-Free Municipal Money Market Fund,General New York AMT-Free Municipal Money Market Fund,USD,us_market,NAS
GNYXX,General New York AMT-Free Municipal Money Market Fund,General New York AMT-Free Municipal Money Market Fund,USD,us_market,NAS
GOAXX,Federated Hermes Government Obligations Tax-Managed Fund,Money Market Obligations Trust,USD,us_market,NAS
GOCXX,Federated Government Obligations Fund,Money Market Obligations Trust,USD,us_market,NAS
GOEXX,Federated Government Obligations Fund,Money Market Obligations Trust,USD,us_market,NAS
GOFXX,Federated Government Obligations Fund,Money Market Obligations Trust,USD,us_market,NAS
GOIXX,Federated Government Obligations Fund,Money Market Obligations Trust,USD,us_market,NAS
GOPXX,Goldman Sachs Financial Square Prime Obligations Fund,Goldman Sachs Trust,USD,us_market,NAS
GORXX,Federated Government Obligations Fund,Money Market Obligations Trust,USD,us_market,NAS
GOSXX,Federated Government Obligations Fund,Money Market Obligations Trust,USD,us_market,NAS
GOTXX,Federated Hermes Government Obligations Tax-Managed Fund,Money Market Obligations Trust,USD,us_market,NAS
GOVXX,Federated Government Obligations Fund,Money Market Obligations Trust,USD,us_market,NAS
GPFXX,Goldman Sachs Financial Square Federal Fund,Goldman Sachs Trust,USD,us_market,NAS
GPGXX,Goldman Sachs Financial Square Government Fund,Goldman Sachs Trust,USD,us_market,NAS
GPIXX,Goldman Sachs Financial Square Treasury Instruments Fund,Goldman Sachs Trust,USD,us_market,NAS
GPMXX,Goldman Sachs Financial Square Money Market Fund,Goldman Sachs Trust,USD,us_market,NAS
GPOXX,Goldman Sachs Financial Square Treasury Obligations Fund,Goldman Sachs Trust,USD,us_market,NAS
GPPXX,Goldman Sachs Financial Square Prime Obligations Fund,Goldman Sachs Trust,USD,us_market,NAS
GPRXX,Goldman Sachs Financial Square Money Market Fund,Goldman Sachs Trust,USD,us_market,NAS
GPTXX,Goldman Sachs Investor Tax-Exempt Money Market Fund,Goldman Sachs Trust,USD,us_market,NAS
GPVXX,Invesco Government & Agency Portfolio,Short-Term Investment Trust,USD,us_market,NAS
GRAXX,Federated Hermes Government Reserves Fund,Money Market Obligations Trust,USD,us_market,NAS
GRBXX,Federated Hermes Government Reserves Fund,Money Market Obligations Trust,USD,us_market,NAS
GRCXX,Federated Hermes Government Reserves Fund,Money Market Obligations Trust,USD,us_market,NAS
GREXX,Goldman Sachs Financial Square Money Market Fund,Goldman Sachs Trust,USD,us_market,NAS
GRFXX,Federated Hermes Government Reserves Fund,Money Market Obligations Trust,USD,us_market,NAS
GRGXX,Federated Hermes Government Reserves Fund,Money Market Obligations Trust,USD,us_market,NAS
GRTXX,Federated Government Obligations Fund,Money Market Obligations Trust,USD,us_market,NAS
GSBXX,General Government Securities Money Market,"General Government Securities Money Market Funds, Inc.",USD,us_market,NAS
GSCXX,Goldman Sachs Financial Square Money Market Fund,Goldman Sachs Trust,USD,us_market,NAS
GSGXX,Goldman Sachs Financial Square Government Fund,Goldman Sachs Trust,USD,us_market,NAS
GSIXX,Goldman Sachs Financial Square Treasury Instruments Fund,Goldman Sachs Trust,USD,us_market,NAS
GSMXX,Goldman Sachs Financial Square Money Market Fund,Goldman Sachs Trust,USD,us_market,NAS
GSOXX,Goldman Sachs Financial Square Treasury Obligations Fund,Goldman Sachs Trust,USD,us_market,NAS
GSPXX,Goldman Sachs Financial Square Prime Obligations Fund,Goldman Sachs Trust,USD,us_market,NAS
GSTXX,Goldman Sachs Investor Tax-Exempt Money Market Fund,Goldman Sachs Trust,USD,us_market,NAS
GTAXX,General Treasury Securities Money Market Fu,"General Government Securities Money Market Funds, Inc.",USD,us_market,NAS
GTBXX,General Treasury Securities Money Market Fu,"General Government Securities Money Market Funds, Inc.",USD,us_market,NAS
GTFXX,General Treasury Securities Money Market Fu,"General Government Securities Money Market Funds, Inc.",USD,us_market,NAS
GTMXX,"General Municipal Money Market Funds, Inc.",,USD,us_market,NAS
GTOXX,Goldman Sachs Financial Square Treasury Obligations Fund,Goldman Sachs Trust,USD,us_market,NAS
GTPXX,Goldman Sachs Financial Square Treasury Obligations Fund,Goldman Sachs Trust,USD,us_market,NAS
GTRXX,Goldman Sachs Financial Square Treasury Obligations Fund,Goldman Sachs Trust,USD,us_market,NAS
GTSXX,Federated Hermes Government Obligations Tax-Managed Fund,Money Market Obligations Trust,USD,us_market,NAS
GVCXX,Goldman Sachs Financial Square Government Fund,Goldman Sachs Trust,USD,us_market,NAS
GVIXX,Government Money Market Fund,Wells Fargo Funds Trust,USD,us_market,NAS
GVMXX,State Street U.S. Government Money Market Portfolio,State Street Master Funds,USD,us_market,NAS
GVRXX,Goldman Sachs Financial Square Government Fund,Goldman Sachs Trust,USD,us_market,NAS
GVVXX,State Street U.S. Government Money Market Portfolio,State Street Master Funds,USD,us_market,NAS
GXCXX,Goldman Sachs Investor Tax-Exempt Money Market Fund,Goldman Sachs Trust,USD,us_market,NAS
GXPXX,Goldman Sachs Investor Tax-Exempt Money Market Fund,Goldman Sachs Trust,USD,us_market,NAS
GXRXX,Goldman Sachs Investor Tax-Exempt Money Market Fund,Goldman Sachs Trust,USD,us_market,NAS
HARXX,Harbor Money Market Fund,Harbor Funds,USD,us_market,NAS
HBIXX,HSBC U.S. Treasury Money Market Fund,HSBC Funds,USD,us_market,NAS
HCAXX,,,USD,us_market,NAS
HCCXX,,,USD,us_market,NAS
HCDXX,,,USD,us_market,NAS
HCMXX,,,USD,us_market,NAS
HCTXX,,,USD,us_market,NAS
HCYXX,,,USD,us_market,NAS
HEWXX,Hewitt Money Market Fund,,USD,us_market,NAS
HGDXX,HSBC U.S. Government Money Market Fund,HSBC Funds,USD,us_market,NAS
HGEXX,HSBC U.S. Government Money Market Fund,HSBC Funds,USD,us_market,NAS
HGFXX,HSBC U.S. Government Money Market Fund,HSBC Funds,USD,us_market,NAS
HGGXX,HSBC U.S. Government Money Market Fund,HSBC Funds,USD,us_market,NAS
HGIXX,HSBC U.S. Government Money Market Fund,HSBC Funds,USD,us_market,NAS
HGOXX,JPMorgan U.S. Treasury Plus Money Market Fund,JPMorgan Trust II,USD,us_market,NAS
HHPXX,,,USD,us_market,NAS
HLCXX,,,USD,us_market,NAS
HLPXX,JPMorgan Liquid Assets Money Market Fund,JPMorgan Trust II,USD,us_market,NAS
HPIXX,JPMorgan Liquid Assets Money Market Fund,JPMorgan Trust II,USD,us_market,NAS
HRMXX,Harbor Money Market Fund,Harbor Funds,USD,us_market,NAS
HTDXX,HSBC U.S. Treasury Money Market Fund,HSBC Funds,USD,us_market,NAS
HTEXX,HSBC U.S. Treasury Money Market Fund,HSBC Funds,USD,us_market,NAS
HTFXX,HSBC U.S. Treasury Money Market Fund,HSBC Funds,USD,us_market,NAS
HTGXX,HSBC U.S. Treasury Money Market Fund,HSBC Funds,USD,us_market,NAS
HTIXX,JPMorgan U.S. Treasury Plus Money Market Fund,JPMorgan Trust II,USD,us_market,NAS
HTOXX,JPMorgan Municipal Money Market Fund,JPMorgan Trust II,USD,us_market,NAS
HTSXX,JPMorgan 100% U.S. Treasury Securities Money Market Fund,JPMorgan Trust I,USD,us_market,NAS
HTYXX,HSBC U.S. Treasury Money Market Fund,HSBC Funds,USD,us_market,NAS
HUAXX,Fedfund Mischler Financial Group Fund,Blackrock Liquidity Funds,USD,us_market,NAS
HUCXX,HSBC U.S. Treasury Money Market,,USD,us_market,NAS
HUMXX,HSBC U.S. Government Money Mark,,USD,us_market,NAS
HUNXX,,,USD,us_market,NAS
HWAXX,HSBC U.S. Treasury Money Market,,USD,us_market,NAS
IAAXX,Ivy Cash Management Fund,Ivy Funds,USD,us_market,NAS
IABXX,Ivy Cash Management Fund,Ivy Funds,USD,us_market,NAS
IACXX,Ivy Cash Management Fund,Ivy Funds,USD,us_market,NAS
IADXX,,,USD,us_market,NAS
ICAXX,Government Money Market Fund,Deutsche Money Market Trust,USD,us_market,NAS
ICFXX,T. Rowe Price Institutional Cash Reserves Fund,"T. Rowe Price Institutional Income Funds, Inc.",USD,us_market,NAS
ICTXX,DWS Treasury Portfolio,Investors Cash Trust,USD,us_market,NAS
IDSXX,Columbia Government Money Market Fund,Columbia Funds Series Trust II ,USD,us_market,NAS
IDYXX,Columbia Government Money Market Fund,Columbia Funds Series Trust II ,USD,us_market,NAS
IEAXX,,,USD,us_market,NAS
IEDXX,,,USD,us_market,NAS
IESXX,,,USD,us_market,NAS
IEXXX,,,USD,us_market,NAS
IFAXX,,,USD,us_market,NAS
IFDXX,,,USD,us_market,NAS
IFSXX,,,USD,us_market,NAS
IIMXX,,,USD,us_market,NAS
IJGXX,JPMorgan U.S. Government Money Market Fund,JPMorgan Trust II,USD,us_market,NAS
IJLXX,JPMorgan Liquid Assets Money Market Fund,JPMorgan Trust II,USD,us_market,NAS
IJMXX,JPMorgan Municipal Money Market Fund,JPMorgan Trust II,USD,us_market,NAS
IJTXX,JPMorgan U.S. Treasury Plus Money Market Fund,JPMorgan Trust II,USD,us_market,NAS
ILFXX,,,USD,us_market,NAS
ILMXX,,,USD,us_market,NAS
ILPXX,,,USD,us_market,NAS
ILTXX,,,USD,us_market,NAS
IMPXX,,,USD,us_market,NAS
IMRXX,Invesco Premier Portfolio,AIM Treasurer's Series Trust (Invesco Treasurer's Series Trust),USD,us_market,NAS
IMSXX,Voya Government Money Market Portfolio,,USD,us_market,NAS
INAXX,Government Money Market Fund,AIM Investment Securities Funds (Invesco Investment Securities Funds),USD,us_market,NAS
INFXX,Institutional Fiduciary Trust Money Market Fund,,USD,us_market,NAS
INRXX,,,USD,us_market,NAS
INVXX,Government Money Market Fund,AIM Investment Securities Funds (Invesco Investment Securities Funds),USD,us_market,NAS
IOAXX,,,USD,us_market,NAS
IOSXX,,,USD,us_market,NAS
IPAXX,,,USD,us_market,NAS
IPLXX,Voya Liquid Assets Portfolio,Voya Investors Trust,USD,us_market,NAS
IPMXX,,,USD,us_market,NAS
IPOXX,,,USD,us_market,NAS
IPPXX,Invesco Premier Portfolio,AIM Treasurer's Series Trust (Invesco Treasurer's Series Trust),USD,us_market,NAS
IPSXX,,,USD,us_market,NAS
IPTXX,Invesco Premier Portfolio,AIM Treasurer's Series Trust (Invesco Treasurer's Series Trust),USD,us_market,NAS
IPVXX,Invesco Premier Portfolio,AIM Treasurer's Series Trust (Invesco Treasurer's Series Trust),USD,us_market,NAS
IRAXX,,,USD,us_market,NAS
IRCXX,Invesco Premier Portfolio,AIM Treasurer's Series Trust (Invesco Treasurer's Series Trust),USD,us_market,NAS
IRSXX,,,USD,us_market,NAS
IRVXX,Invesco Premier Portfolio,AIM Treasurer's Series Trust (Invesco Treasurer's Series Trust),USD,us_market,NAS
ISPXX,Voya Liquid Assets Portfolio,Voya Investors Trust,USD,us_market,NAS
ISVXX,,,USD,us_market,NAS
ITAXX,,,USD,us_market,NAS
ITEXX,,,USD,us_market,NAS
ITFXX,,,USD,us_market,NAS
ITIXX,,,USD,us_market,NAS
ITLXX,Voya Liquid Assets Portfolio,Voya Investors Trust,USD,us_market,NAS
ITMXX,,,USD,us_market,NAS
ITOXX,,,USD,us_market,NAS
ITPXX,,,USD,us_market,NAS
ITTXX,AIM Treasurer's Series Trust (Invesco Treasurer's Series Trust)-Invesco Premier Tax-Exempt Portfolio,AIM Treasurer's Series Trust (Invesco Treasurer's Series Trust)-Invesco Premier Tax-Exempt Portfolio,USD,us_market,NAS
ITVXX,DWS Treasury Portfolio,Investors Cash Trust,USD,us_market,NAS
IUGXX,Invesco Premier U.S. Government Money Portfolio,Invesco Treasurers Series Trust,USD,us_market,NAS
IUSXX,Deutsche U.S. Treasury Money Fund,Treasury Portfolio,USD,us_market,NAS
IVEXX,Ivy Government Money Market Fund,Ivy Funds,USD,us_market,NAS
IVMXX,Voya Government Money Market Portfolio,,USD,us_market,NAS
JACXX,JPMorgan 100% U.S. Treasury Securities Money Market Fund,JPMorgan Trust I,USD,us_market,NAS
JATXX,,,USD,us_market,NAS
JCAXX,Janus Institutional Cash Management Fund,,USD,us_market,NAS
JCRXX,JPMorgan California Municipal Money Market Fund,JPMorgan Trust I,USD,us_market,NAS
JCVXX,JPMorgan California Municipal Money Market Fund,JPMorgan Trust I,USD,us_market,NAS
JDAXX,Janus Adviser Money Market Fund,Janus Adviser Series,USD,us_market,NAS
JDMXX,Janus Adviser Money Market Fund,Janus Adviser Series,USD,us_market,NAS
JFMXX,JPMorgan Federal Money Market Fund,JPMorgan Trust I,USD,us_market,NAS
JGAXX,JPMorgan U.S. Government Money Market Fund,JPMorgan Trust II,USD,us_market,NAS
JGCXX,JPMorgan California Municipal Money Market Fund,JPMorgan Trust I,USD,us_market,NAS
JGIXX,,,USD,us_market,NAS
JGMXX,JPMorgan U.S. Government Money Market Fund,JPMorgan Trust II,USD,us_market,NAS
JGNXX,JPMorgan New York Municipal Money Market Fund,JPMorgan Trust I,USD,us_market,NAS
JGPXX,Janus Institutional Government Money Market Fund,,USD,us_market,NAS
JGSXX,Janus Institutional Government Money Market Fund,,USD,us_market,NAS
JHMXX,John Hancock Money Market Fund ,,USD,us_market,NAS
JHOXX,Money Market Trust,John Hancock Variable Insurance Trust,USD,us_market,NAS
JICXX,,,USD,us_market,NAS
JIGXX,Janus Institutional Government Money Market Fund,,USD,us_market,NAS
JIMXX,JPMorgan Prime Money Market Fund,JPMorgan Trust I,USD,us_market,NAS
JINXX,JPMorgan Prime Money Market Fund,JPMorgan Trust I,USD,us_market,NAS
JIPXX,Janus Institutional Cash Management Fund,,USD,us_market,NAS
JISXX,Janus Institutional Money Market Fund,,USD,us_market,NAS
JJKXX,,,,us_market,NAS
JMAXX,JPMorgan Municipal Money Market Fund,JPMorgan Trust II,USD,us_market,NAS
JMCXX,John Hancock Money Market Fund ,,USD,us_market,NAS
JMIXX,,,USD,us_market,NAS
JMOXX,Janus Institutional Money Market Fund,,USD,us_market,NAS
JMPXX,Janus Institutional Money Market Fund,,USD,us_market,NAS
JNPXX,JPMorgan New York Municipal Money Market Fund,JPMorgan Trust I,USD,us_market,NAS
JNVXX,JPMorgan New York Municipal Money Market Fund,JPMorgan Trust I,USD,us_market,NAS
JNYXX,JPMorgan New York Municipal Money Market Fund,JPMorgan Trust I,USD,us_market,NAS
JOAXX,Institutional Tax Free Money Market Fund,JPMorgan Trust IV,USD,us_market,NAS
JOCXX,Institutional Tax Free Money Market Fund,JPMorgan Trust IV,USD,us_market,NAS
JOFXX,Institutional Tax Free Money Market Fund,JPMorgan Trust IV,USD,us_market,NAS
JOIXX,Institutional Tax Free Money Market Fund,JPMorgan Trust IV,USD,us_market,NAS
JONXX,JPMorgan New York Municipal Money Market Fund,JPMorgan Trust I,USD,us_market,NAS
JOPXX,Janus Institutional Money Market Fund,,USD,us_market,NAS
JOYXX,JPMorgan California Municipal Money Market Fund,JPMorgan Trust I,USD,us_market,NAS
JPAXX,JPMorgan Prime Money Market Fund,JPMorgan Trust I,USD,us_market,NAS
JPCXX,JPMorgan U.S. Treasury Plus Money Market Fund,JPMorgan Trust II,USD,us_market,NAS
JRVXX,JPMorgan Prime Money Market Fund,JPMorgan Trust I,USD,us_market,NAS
JSEXX,Janus Institutional Money Market Fund,,USD,us_market,NAS
JSMXX,JPMorgan 100% U.S. Treasury Securities Money Market Fund,JPMorgan Trust I,USD,us_market,NAS
JTCXX,JPMorgan U.S. Treasury Plus Money Market Fund,JPMorgan Trust II,USD,us_market,NAS
JTFXX,JPMorgan Tax Free Money Market Fund,JPMorgan Trust I,USD,us_market,NAS
JTSXX,JPMorgan 100% U.S. Treasury Securities Money Market Fund,JPMorgan Trust I,USD,us_market,NAS
JUSXX,JPMorgan U.S. Government Money Market Fund,JPMorgan Trust II,USD,us_market,NAS
JVPXX,Janus Institutional Government Money Market Fund,,USD,us_market,NAS
JVSXX,Janus Institutional Government Money Market Fund,,USD,us_market,NAS
JXCXX,JPMorgan Prime Money Market Fund,JPMorgan Trust I,USD,us_market,NAS
JXMXX,,,USD,us_market,NAS
KINXX,,,USD,us_market,NAS
KKKXX,,,,us_market,NAS
KMIXX,,,USD,us_market,NAS
KMMXX,DWS Cash Investment Trust,DWS Money Market Prime Series,USD,us_market,NAS
LAPXX,Invesco Liquid Assets Portfolio,Short-Term Investment Trust,USD,us_market,NAS
LASXX,Vintage Liquid Assets S2 Fund,,USD,us_market,NAS
LBBXX,,,USD,us_market,NAS
LBCXX,,,USD,us_market,NAS
LBDXX,,,USD,us_market,NAS
LBFXX,,,USD,us_market,NAS
LBGXX,,,USD,us_market,NAS
LBHXX,,,USD,us_market,NAS
LBIXX,,,USD,us_market,NAS
LBJXX,,,USD,us_market,NAS
LBKXX,,,USD,us_market,NAS
LBLXX,,,USD,us_market,NAS
LBMXX,,,USD,us_market,NAS
LBNXX,,,USD,us_market,NAS
LBPXX,,,USD,us_market,NAS
LBQXX,,,USD,us_market,NAS
LBRXX,,,USD,us_market,NAS
LBSXX,,,USD,us_market,NAS
LBTXX,,,USD,us_market,NAS
LBVXX,,,USD,us_market,NAS
LBWXX,,,USD,us_market,NAS
LBYXX,,,USD,us_market,NAS
LBZXX,,,USD,us_market,NAS
LCIXX,,,USD,us_market,NAS
LEAXX,Liquid Environmentally Aware Fund,Blackrock Funds,USD,us_market,NAS
LEDXX,Liquid Environmentally Aware Fund,Blackrock Funds,USD,us_market,NAS
LEFXX,Liquid Environmentally Aware Fund,Blackrock Funds,USD,us_market,NAS
LGBXX,,,USD,us_market,NAS
LGCXX,,,USD,us_market,NAS
LGDXX,,,USD,us_market,NAS
LGEXX,,,USD,us_market,NAS
LGFXX,,,USD,us_market,NAS
LGGXX,,,USD,us_market,NAS
LHBXX,,,USD,us_market,NAS
LHCXX,,,USD,us_market,NAS
LHDXX,,,USD,us_market,NAS
LHFXX,,,USD,us_market,NAS
LHGXX,,,USD,us_market,NAS
LHHXX,,,USD,us_market,NAS
LHJXX,,,USD,us_market,NAS
LHKXX,,,USD,us_market,NAS
LHLXX,,,USD,us_market,NAS
LHMXX,,,USD,us_market,NAS
LHNXX,,,USD,us_market,NAS
LHPXX,,,USD,us_market,NAS
LHRXX,,,USD,us_market,NAS
LHSXX,,,USD,us_market,NAS
LHTXX,,,USD,us_market,NAS
LHUXX,,,USD,us_market,NAS
LHVXX,,,USD,us_market,NAS
LHWXX,,,USD,us_market,NAS
LHXXX,,,USD,us_market,NAS
LHYXX,,,USD,us_market,NAS
LHZXX,,,USD,us_market,NAS
LMBXX,,,USD,us_market,NAS
LMCXX,,,USD,us_market,NAS
LMDXX,,,USD,us_market,NAS
LMEXX,,,USD,us_market,NAS
LMFXX,,,USD,us_market,NAS
LMGXX,,,USD,us_market,NAS
LMKXX,,,USD,us_market,NAS
LMTXX,,,USD,us_market,NAS
LMUXX,,,USD,us_market,NAS
LMWXX,,,USD,us_market,NAS
LPCXX,Invesco Liquid Assets Portfolio,Short-Term Investment Trust,USD,us_market,NAS
LPMXX,Invesco Liquid Assets Portfolio,Short-Term Investment Trust,USD,us_market,NAS
LPPXX,Invesco Liquid Assets Portfolio,Short-Term Investment Trust,USD,us_market,NAS
LPRXX,Invesco Liquid Assets Portfolio,Short-Term Investment Trust,USD,us_market,NAS
LPVXX,Invesco Liquid Assets Portfolio,Short-Term Investment Trust,USD,us_market,NAS
LRCXX,Invesco Liquid Assets Portfolio,Short-Term Investment Trust,USD,us_market,NAS
MACXX,MFS U.S. Government Cash Reserve Fund,MFS Series Trust I,USD,us_market,NAS
MADXX,Tax-Exempt Portfolio,Morgan Stanley Institutional Liquidity Funds,USD,us_market,NAS
MAGXX,,,USD,us_market,NAS
MAIXX,BMO Prime Money Market Fund,"BMO Funds, Inc.",USD,us_market,NAS
MAMXX,Treasury Securities Portfolio,Morgan Stanley Institutional Liquidity Funds,USD,us_market,NAS
MANXX,Money Market Portfolio,Morgan Stanley Institutional Liquidity Funds,USD,us_market,NAS
MAOXX,Treasury Portfolio,Morgan Stanley Institutional Liquidity Funds,USD,us_market,NAS
MARXX,BMO Prime Money Market Fund,"BMO Funds, Inc.",USD,us_market,NAS
MAVXX,Morgan Stanley Insti Liquidity ,,USD,us_market,NAS
MAYXX,Government Portfolio,Morgan Stanley Institutional Liquidity Funds,USD,us_market,NAS
MCAXX,DWS Money Market Series Fund,DWS Money Market Trust,USD,us_market,NAS
MCCXX,MFS U.S. Government Cash Reserve Fund,MFS Series Trust I,USD,us_market,NAS
MCDXX,MuniCash,BlackRock Liquidity Funds,USD,us_market,NAS
MCEXX,Daily Cah Fund,Monarch Funds,USD,us_market,NAS
MCHXX,"Morgan Stanley Insti Liq Fds, G",,USD,us_market,NAS
MCIXX,Daily Cah Fund,Monarch Funds,USD,us_market,NAS
MCMXX,MFS U.S. Government Money Market Fund,MFS Series Trust IV,USD,us_market,NAS
MCNXX,Munder Cash Investment Fund,Munder Series Trust,USD,us_market,NAS
MCRXX,MFS U.S. Government Cash Reserve Fund,MFS Series Trust I,USD,us_market,NAS
MCSXX,MuniCash,BlackRock Liquidity Funds,USD,us_market,NAS
MCVXX,Daily Assets Fund,Monarch Funds,USD,us_market,NAS
MFCXX,Federated Municipal Obligations Fund,Money Market Obligations Trust,USD,us_market,NAS
MFDXX,MuniFund,BlackRock Liquidity Funds,USD,us_market,NAS
MFGXX,,,,,
MFIXX,BMO Tax-Free Money Market Fund,"BMO Funds, Inc.",USD,us_market,NAS
MFSXX,Federated Municipal Obligations Fund,Money Market Obligations Trust,USD,us_market,NAS
MFTXX,MuniFund,BlackRock Liquidity Funds,USD,us_market,NAS
MGAXX,Government Securities Portfolio,Morgan Stanley Institutional Liquidity Funds,USD,us_market,NAS
MGCXX,Daily Assets Fund,Monarch Funds,USD,us_market,NAS
MGEXX,,,USD,us_market,NAS
MGFXX,,,USD,us_market,NAS
MGIXX,Daily Government Fund,Monarch Funds,USD,us_market,NAS
MGMXX,JPMorgan U.S. Government Money Market Fund,JPMorgan Trust II,USD,us_market,NAS
MGNXX,BMO Government Money Market Fund,"BMO Funds, Inc.",USD,us_market,NAS
MGOXX,Government Portfolio,Morgan Stanley Institutional Liquidity Funds,USD,us_market,NAS
MGPXX,Government Securities Portfolio,Morgan Stanley Institutional Liquidity Funds,USD,us_market,NAS
MGSXX,Government Portfolio,Morgan Stanley Institutional Liquidity Funds,USD,us_market,NAS
MGVXX,Daily Government Fund,Monarch Funds,USD,us_market,NAS
MGYXX,BMO Government Money Market Fund,"BMO Funds, Inc.",USD,us_market,NAS
MHBXX,Daily Cah Fund,Monarch Funds,USD,us_market,NAS
MHCXX,,,USD,us_market,NAS
MHSXX,Treasury Portfolio,Morgan Stanley Institutional Liquidity Funds,USD,us_market,NAS
MIAXX,Munder Cash Investment Fund,Munder Series Trust,USD,us_market,NAS
MIBXX,Munder Cash Investment Fund,Munder Series Trust,USD,us_market,NAS
MIFXX,Nationwide Money Market Fund,Nationwide Mutual Funds,USD,us_market,NAS
MIKXX,Munder Cash Investment Fund,Munder Series Trust,USD,us_market,NAS
MIOXX,Money Market Portfolio,Morgan Stanley Institutional Liquidity Funds,USD,us_market,NAS
MIPXX,MainStay Money Market Fund,The MainStay Funds,USD,us_market,NAS
MISXX,Treasury Portfolio,Morgan Stanley Institutional Liquidity Funds,USD,us_market,NAS
MIVXX,,,USD,us_market,NAS
MIYXX,Munder Cash Investment Fund,Munder Series Trust,USD,us_market,NAS
MJGXX,JPMorgan U.S. Government Money Market Fund,JPMorgan Trust II,USD,us_market,NAS
MJLXX,JPMorgan Liquid Assets Money Market Fund,JPMorgan Trust II,USD,us_market,NAS
MJMXX,JPMorgan Municipal Money Market Fund,JPMorgan Trust II,USD,us_market,NAS
MJPXX,JPMorgan U.S. Treasury Plus Money Market Fund,JPMorgan Trust II,USD,us_market,NAS
MJTXX,JPMorgan U.S. Treasury Plus Money Market Fund,JPMorgan Trust II,USD,us_market,NAS
MKLXX,,,USD,us_market,NAS
MKMXX,MainStay Money Market Fund,The MainStay Funds,USD,us_market,NAS
MKTXX,MainStay Money Market Fund,The MainStay Funds,USD,us_market,NAS
MLMXX,BNY Mellon Money Market Fund,BNY Mellon Funds Trust,USD,us_market,NAS
MLOXX,BNY Mellon Money Market Fund,BNY Mellon Funds Trust,USD,us_market,NAS
MMAXX,MainStay Money Market Fund,The MainStay Funds,USD,us_market,NAS
MMIXX,National Tax-Free Money Market Fund,Wells Fargo Funds Trust,USD,us_market,NAS
MMLXX,Federated Institutional Money Market Management Fund,Money Market Obligations Trust,USD,us_market,NAS
MMMXX,Federated Institutional Money Market Management Fund,Money Market Obligations Trust,USD,us_market,NAS
MMNXX,Money Market Portfolio,Morgan Stanley Institutional Liquidity Funds,USD,us_market,NAS
MMPXX,Federated Institutional Money Market Management Fund,Money Market Obligations Trust,USD,us_market,NAS
MMRXX,MSILF ESG Money Market Portfoli,,USD,us_market,NAS
MMSXX,Federated Institutional Money Market Management Fund,Money Market Obligations Trust,USD,us_market,NAS
MNIXX,Munder Institutional Money Market Fund,,USD,us_market,NAS
MNKXX,Munder Institutional Money Market Fund,,USD,us_market,NAS
MNTXX,BNY Mellon National Municipal Money Market Fund,BNY Mellon Funds Trust,USD,us_market,NAS
MNVXX,Treasury Securities Portfolio,Morgan Stanley Institutional Liquidity Funds,USD,us_market,NAS
MOCXX,Daily Cah Fund,Monarch Funds,USD,us_market,NAS
MODXX,Federated Municipal Obligations Fund,Money Market Obligations Trust,USD,us_market,NAS
MOFXX,Federated Municipal Obligations Fund,Money Market Obligations Trust,USD,us_market,NAS
MOIXX,Federated Municipal Obligations Fund,Money Market Obligations Trust,USD,us_market,NAS
MOMXX,BNY Mellon National Municipal Money Market Fund,BNY Mellon Funds Trust,USD,us_market,NAS
MONXX,,,USD,us_market,NAS
MOSXX,Federated Municipal Obligations Fund,Money Market Obligations Trust,USD,us_market,NAS
MOTXX,Federated Municipal Obligations Fund,Money Market Obligations Trust,USD,us_market,NAS
MPCXX,Government Portfolio,Morgan Stanley Institutional Liquidity Funds,USD,us_market,NAS
MPEXX,Prime Portfolio,Morgan Stanley Institutional Liquidity Funds,USD,us_market,NAS
MPFXX,Prime Portfolio,Morgan Stanley Institutional Liquidity Funds,USD,us_market,NAS
MPIXX,Money Market ProFund,ProFunds,USD,us_market,NAS
MPMXX,Prime Portfolio,Morgan Stanley Institutional Liquidity Funds,USD,us_market,NAS
MPNXX,Prime Portfolio,Morgan Stanley Institutional Liquidity Funds,USD,us_market,NAS
MPPXX,MuniCash,BlackRock Liquidity Funds,USD,us_market,NAS
MPQXX,,,USD,us_market,NAS
MPRXX,"Morgan Stanley Insti Liq Fds, T",,USD,us_market,NAS
MPSXX,Money Market ProFund,ProFunds,USD,us_market,NAS
MPUXX,Money Market Portfolio,Morgan Stanley Institutional Liquidity Funds,USD,us_market,NAS
MPVXX,Prime Portfolio,Morgan Stanley Institutional Liquidity Funds,USD,us_market,NAS
MRBXX,MFS U.S. Government Cash Reserve Fund,MFS Series Trust I,USD,us_market,NAS
MRCXX,MFS U.S. Government Cash Reserve Fund,MFS Series Trust I,USD,us_market,NAS
MREXX,Treasury Portfolio,Morgan Stanley Institutional Liquidity Funds,USD,us_market,NAS
MSCXX,MainStay Money Market Fund,The MainStay Funds,USD,us_market,NAS
MSDXX,Government Portfolio,Morgan Stanley Institutional Liquidity Funds,USD,us_market,NAS
MSEXX,Treasury Securities Portfolio,Morgan Stanley Institutional Liquidity Funds,USD,us_market,NAS
MSGXX,Morgan Stanley Inst Liquidity F,,USD,us_market,NAS
MSHXX,Money Market Portfolio,Morgan Stanley Institutional Liquidity Funds,USD,us_market,NAS
MSPXX,Prime Portfolio,Morgan Stanley Institutional Liquidity Funds,USD,us_market,NAS
MSRXX,MFS U.S. Government Cash Reserve Fund,MFS Series Trust I,USD,us_market,NAS
MSSXX,Treasury Securities Portfolio,Morgan Stanley Institutional Liquidity Funds,USD,us_market,NAS
MSTXX,Treasury Portfolio,Morgan Stanley Institutional Liquidity Funds,USD,us_market,NAS
MSUXX,Treasury Portfolio,Morgan Stanley Institutional Liquidity Funds,USD,us_market,NAS
MSVXX,Government Securities Portfolio,Morgan Stanley Institutional Liquidity Funds,USD,us_market,NAS
MTAXX,,,USD,us_market,NAS
MTCXX,"Morgan Stanley Insti Liq Fds, T",,USD,us_market,NAS
MTFXX,BMO Tax-Free Money Market Fund,"BMO Funds, Inc.",USD,us_market,NAS
MTKXX,,,USD,us_market,NAS
MTMXX,Tax-Exempt Portfolio,Morgan Stanley Institutional Liquidity Funds,USD,us_market,NAS
MTNXX,Treasury Portfolio,Morgan Stanley Institutional Liquidity Funds,USD,us_market,NAS
MTSXX,Treasury Portfolio,Morgan Stanley Institutional Liquidity Funds,USD,us_market,NAS
MTTXX,Treasury Portfolio,Morgan Stanley Institutional Liquidity Funds,USD,us_market,NAS
MTVXX,,,USD,us_market,NAS
MTXXX,Tax-Exempt Portfolio,Morgan Stanley Institutional Liquidity Funds,USD,us_market,NAS
MTYXX,,,USD,us_market,NAS
MUCXX,California Money Fund,BlackRock Liquidity Funds,USD,us_market,NAS
MUIXX,"Morgan Stanley Insti Liq Fds, G",,USD,us_market,NAS
MUNXX,New York Money Fund,BlackRock Liquidity Funds,USD,us_market,NAS
MUSXX,MainStay U.S. Government Liquidity Fund Class I,,USD,us_market,NAS
MVAXX,Government Securities Portfolio,Morgan Stanley Institutional Liquidity Funds,USD,us_market,NAS
MVIXX,"Morgan Stanley Insti Liq Fds, G",,USD,us_market,NAS
MVRXX,Government Portfolio,Morgan Stanley Institutional Liquidity Funds,USD,us_market,NAS
MVSXX,Money Market Portfolio,Morgan Stanley Institutional Liquidity Funds,USD,us_market,NAS
MVVXX,Government Portfolio,Morgan Stanley Institutional Liquidity Funds,USD,us_market,NAS
MVYXX,Treasury Portfolio,Morgan Stanley Institutional Liquidity Funds,USD,us_market,NAS
MXAXX,Tax-Exempt Portfolio,Morgan Stanley Institutional Liquidity Funds,USD,us_market,NAS
MXGXX,Great-West Government Money Market Fund,"Great-West Funds, Inc.",USD,us_market,NAS
MXIXX,Tax-Exempt Portfolio,Morgan Stanley Institutional Liquidity Funds,USD,us_market,NAS
MXMXX,Great-West Government Money Market Fund,"Great-West Funds, Inc.",USD,us_market,NAS
MXPXX,"Morgan Stanley Insti Liq Fds, T",,USD,us_market,NAS
MXSXX,Tax-Exempt Portfolio,Morgan Stanley Institutional Liquidity Funds,USD,us_market,NAS
MYMXX,AB Government Money Market Portfolio,"AB Fixed-Income Shares, Inc.",USD,us_market,NAS
NBAXX,,,USD,us_market,NAS
NBCXX,,,USD,us_market,NAS
NBGXX,,,USD,us_market,NAS
NBIXX,,,USD,us_market,NAS
NBPXX,,,USD,us_market,NAS
NCGXX,Treasury Money Market Fund,North Capital Funds Trust,USD,us_market,NAS
NEMXX,,,USD,us_market,NAS
NIBXX,"BOFA FDS SRS TR, BOFA CASH RESE",,USD,us_market,NAS
NISXX,Federated New York Municipal Cash Trust,Money Market Obligations Trust,USD,us_market,NAS
NITXX,Treasury Portfolio,Northern Institutional Funds,USD,us_market,NAS
NJBXX,,,USD,us_market,NAS
NJDXX,,,USD,us_market,NAS
NMBXX,,,USD,us_market,NAS
NMGXX,,,USD,us_market,NAS
NMKXX,,,USD,us_market,NAS
NOGXX,U.S. Government Money Market Fund,Northern Funds,USD,us_market,NAS
NORXX,Money Market Fund,Northern Funds,USD,us_market,NAS
NOSXX,U.S. Government Select Money Market Fund,Northern Funds,USD,us_market,NAS
NRVXX,,,USD,us_market,NAS
NTEXX,"BOFA FDS SRS TR, BOFA TAX EXEMP",,USD,us_market,NAS
NTPXX,Treasury Portfolio,Northern Institutional Funds,USD,us_market,NAS
NVCXX,,,USD,us_market,NAS
NWGXX,Government Money Market Fund,Wells Fargo Funds Trust,USD,us_market,NAS
NWIXX,Cash Investment Money Market Fund,Wells Fargo Funds Trust,USD,us_market,NAS
NWMXX,National Tax-Free Money Market Fund,Wells Fargo Funds Trust,USD,us_market,NAS
NWSXX,Nationwide Money Market Fund,Nationwide Mutual Funds,USD,us_market,NAS
NWTXX,100% Treasury Money Market Fund,Wells Fargo Funds Trust,USD,us_market,NAS
NYCXX,New York Cash II Fund,Money Market Obligations Trust,USD,us_market,NAS
NYMXX,"BOFA FDS SRS TR, BOFA NEW YORK ",,USD,us_market,NAS
NYTXX,T. Rowe Price New York Tax-Free Money Fund,T. Rowe Price State Tax-Free Income Trust,USD,us_market,NAS
OCCXX,,,USD,us_market,NAS
OGAXX,JPMorgan U.S. Government Money Market Fund,JPMorgan Trust II,USD,us_market,NAS
OGSXX,JPMorgan U.S. Government Money Market Fund,JPMorgan Trust II,USD,us_market,NAS
OGVXX,JPMorgan U.S. Government Money Market Fund,JPMorgan Trust II,USD,us_market,NAS
OMBXX,Invesco U.S. Government Money Portfolio,AIM Investment Secs Fds (Invesco Invt Secs Fds),USD,us_market,NAS
OPCXX,JPMorgan Liquid Assets Money Market Fund,JPMorgan Trust II,USD,us_market,NAS
OTCXX,JPMorgan U.S. Treasury Plus Money Market Fund,JPMorgan Trust II,USD,us_market,NAS
OWAXX,,,USD,us_market,NAS
OWFXX,,,USD,us_market,NAS
PBHXX,Payden Cash Reserves Money Market Fund,The Payden & Rygel Investment Group,USD,us_market,NAS
PBMXX,"Prudential Government Money Market Fund, Inc.",,USD,us_market,NAS
PCCXX,Federated Prime Cash Obligations Fund,Money Market Obligations Trust,USD,us_market,NAS
PCDXX,Federated Prime Cash Obligations Fund,Money Market Obligations Trust,USD,us_market,NAS
PCEXX,PACE Money Market Investments,PACE Select Advisors Trust,USD,us_market,NAS
PCNXX,,,USD,us_market,NAS
PCOXX,Federated Prime Cash Obligations Fund,Money Market Obligations Trust,USD,us_market,NAS
PCRXX,,,USD,us_market,NAS
PCSXX,"Principal Fds, Inc. Money Marke",,USD,us_market,NAS
PCTXX,T. Rowe Price California Tax-Free Money Fund,T. Rowe Price California Tax-Free Income Trust,USD,us_market,NAS
PCVXX,Federated Prime Cash Obligations Fund,Money Market Obligations Trust,USD,us_market,NAS
PCYXX,,,USD,us_market,NAS
PDDXX,Putnam Money Market Fund,,USD,us_market,NAS
PEIXX,AIM Treasurer's Series Trust (Invesco Treasurer's Series Trust)-Invesco Premier Tax-Exempt Portfolio,AIM Treasurer's Series Trust (Invesco Treasurer's Series Trust)-Invesco Premier Tax-Exempt Portfolio,USD,us_market,NAS
PETXX,,,USD,us_market,NAS
PFCXX,Putnam Money Market Fund,,USD,us_market,NAS
PGBXX,Government Money Market Fund,Putnam Investment Funds,USD,us_market,NAS
PGDXX,Government Money Market Fund,Putnam Investment Funds,USD,us_market,NAS
PGEXX,Government Money Market Fund,Putnam Investment Funds,USD,us_market,NAS
PGFXX,PIMCO Government Money Market Fund,PIMCO Funds,USD,us_market,NAS
PGKXX,Government Money Market Fund,Putnam Investment Funds,USD,us_market,NAS
PGLXX,Government Money Market Fund,Putnam Investment Funds,USD,us_market,NAS
PGOXX,PIMCO Government Money Market Fund,PIMCO Funds,USD,us_market,NAS
PGPXX,PIMCO Government Money Market Fund,PIMCO Funds,USD,us_market,NAS
PGRXX,Government Money Market Fund,Putnam Investment Funds,USD,us_market,NAS
PGYXX,PIMCO Government Money Market Fund,PIMCO Funds,USD,us_market,NAS
PIFXX,Government Portfolio,"Plan Investment Fund, Inc.",USD,us_market,NAS
PILXX,,,USD,us_market,NAS
PIMXX,Money Market Portfolio,"Plan Investment Fund, Inc.",USD,us_market,NAS
PINXX,BlackRock Money Market Portfolio,BlackRock Funds,USD,us_market,NAS
PISXX,Treasury Plus Money Market Fund,Wells Fargo Funds Trust,USD,us_market,NAS
PIVXX,Treasury Plus Money Market Fund,Wells Fargo Funds Trust,USD,us_market,NAS
PJLXX,JPMorgan Liquid Assets Money Market Fund,JPMorgan Trust II,USD,us_market,NAS
PJTXX,JPMorgan U.S. Treasury Plus Money Market Fund,JPMorgan Trust II,USD,us_market,NAS
PLPXX,,,USD,us_market,NAS
PLQXX,,,USD,us_market,NAS
PMJXX,"Principal Fds, Inc. Money Marke",,USD,us_market,NAS
PMTXX,Pioneer U.S. Government Money Market Fund,Pioneer Money Market Trust,USD,us_market,NAS
PNIXX,BlackRock Money Market Portfolio,BlackRock Funds,USD,us_market,NAS
PNPXX,BlackRock Money Market Portfolio,BlackRock Funds,USD,us_market,NAS
PNRXX,,,USD,us_market,NAS
POIXX,Federated Institutional Prime Obligations Fund,Money Market Obligations Trust,USD,us_market,NAS
POPXX,Federated Institutional Prime Obligations Fund,Money Market Obligations Trust,USD,us_market,NAS
PRCXX,Federated Prime Cash Obligations Fund,Money Market Obligations Trust,USD,us_market,NAS
PRRXX,"T. Rowe Price Government Money Fund, Inc.",,USD,us_market,NAS
PRSXX,Federated Institutional Prime Obligations Fund,Money Market Obligations Trust,USD,us_market,NAS
PRTXX,T. Rowe Price U.S. Treasury Money Fund,"T. Rowe Price U.S. Treasury Funds, Inc.",USD,us_market,NAS
PRVXX,Treasury Plus Money Market Fund,Wells Fargo Funds Trust,USD,us_market,NAS
PRXXX,Pioneer U.S. Government Money Market Fund,Pioneer Money Market Trust,USD,us_market,NAS
PSPXX,,,USD,us_market,NAS
PTAXX,Federated Prime Cash Obligations Fund,Money Market Obligations Trust,USD,us_market,NAS
PTBXX,Putnam Money Market Fund,,USD,us_market,NAS
PTEXX,"T. Rowe Price Tax-Exempt Money Fund, Inc.","T. Rowe Price Tax-Exempt Money Fund, Inc.",USD,us_market,NAS
PTRXX,Federated Prime Cash Obligations Fund,Money Market Obligations Trust,USD,us_market,NAS
PTSXX,Federated Prime Cash Obligations Fund,Money Market Obligations Trust,USD,us_market,NAS
PTTXX,Federated Prime Cash Obligations Fund,Money Market Obligations Trust,USD,us_market,NAS
PTYXX,,,USD,us_market,NAS
PURXX,Putnam Money Market Fund,,USD,us_market,NAS
PVAXX,,,USD,us_market,NAS
PVCXX,Federated Institutional Prime Value Obligations Fund,Money Market Obligations Trust,USD,us_market,NAS
PVOXX,Federated Institutional Prime Value Obligations Fund,Money Market Obligations Trust,USD,us_market,NAS
PVSXX,Federated Institutional Prime Value Obligations Fund,Money Market Obligations Trust,USD,us_market,NAS
PWDXX,,,USD,us_market,NAS
PWIXX,,,USD,us_market,NAS
PWPXX,,,USD,us_market,NAS
PXCXX,PIMC,Test Money Market Fund,USD,us_market,NAS
RAAXX,American Funds U.S. Government ,,USD,us_market,NAS
RABXX,American Funds U.S. Government ,,USD,us_market,NAS
RACXX,American Funds U.S. Government ,,USD,us_market,NAS
RADXX,American Funds U.S. Government ,,USD,us_market,NAS
RAEXX,American Funds U.S. Government ,,USD,us_market,NAS
RAFXX,American Funds U.S. Government ,,USD,us_market,NAS
RAGXX,American Funds U.S. Government Money Market Fund,,USD,us_market,NAS
RAZXX,,,USD,us_market,NAS
RBEXX,American Funds U.S. Government Money Market Fund,,USD,us_market,NAS
RCCXX,Columbia Government Money Market Fund,Columbia Funds Series Trust II ,USD,us_market,NAS
RCOXX,,,USD,us_market,NAS
RCTXX,,,USD,us_market,NAS
REPXX,,,USD,us_market,NAS
RFFXX,,,USD,us_market,NAS
RFGXX,,,USD,us_market,NAS
RFIXX,,,USD,us_market,NAS
RFTXX,,,USD,us_market,NAS
RGGXX,,,USD,us_market,NAS
RGIXX,,,USD,us_market,NAS
RGOXX,,,USD,us_market,NAS
RGTXX,,,USD,us_market,NAS
RGYXX,HSBC U.S. Government Money Market Fund,HSBC Funds,USD,us_market,NAS
RIEXX,,,USD,us_market,NAS
RIFXX,,,USD,us_market,NAS
RIIXX,,,USD,us_market,NAS
RINXX,,,USD,us_market,NAS
RISXX,,,USD,us_market,NAS
RITXX,,,USD,us_market,NAS
RIXXX,,,USD,us_market,NAS
RJGXX,JPMorgan U.S. Government Money Market Fund,JPMorgan Trust II,USD,us_market,NAS
RJTXX,JPMorgan 100% U.S. Treasury Securities Money Market Fund,JPMorgan Trust I,USD,us_market,NAS
RKAXX,,,USD,us_market,NAS
RKBXX,,,USD,us_market,NAS
RKCXX,,,USD,us_market,NAS
RKEXX,,,USD,us_market,NAS
RKFXX,,,USD,us_market,NAS
RLBXX,,,USD,us_market,NAS
RLEXX,,,USD,us_market,NAS
RLFXX,,,USD,us_market,NAS
RLMXX,,,USD,us_market,NAS
RLNXX,,,USD,us_market,NAS
RLPXX,,,USD,us_market,NAS
RMEXX,,,USD,us_market,NAS
RMFXX,,,USD,us_market,NAS
RMGXX,RMA Government Money Market Fund,Ubs Money Series,USD,us_market,NAS
RMIXX,,,USD,us_market,NAS
RNJXX,,,USD,us_market,NAS
RPFXX,,,USD,us_market,NAS
RPGXX,Davis Government Money Market Fund,"Davis Series, Inc.",USD,us_market,NAS
RPIXX,,,USD,us_market,NAS
RPLXX,,,USD,us_market,NAS
RPRXX,,,USD,us_market,NAS
RPTXX,,,USD,us_market,NAS
RPVXX,,,USD,us_market,NAS
RPYXX,,,USD,us_market,NAS
RRTXX,,,USD,us_market,NAS
RSAXX,,,USD,us_market,NAS
RSFXX,,,USD,us_market,NAS
RTEXX,,,USD,us_market,NAS
RTIXX,,,USD,us_market,NAS
RTJXX,JPMorgan Tax Free Money Market Fund,JPMorgan Trust I,USD,us_market,NAS
RTMXX,,,USD,us_market,NAS
RTRXX,,,USD,us_market,NAS
RTTXX,,,USD,us_market,NAS
RTYXX,,,USD,us_market,NAS
RUAXX,,,USD,us_market,NAS
RUBXX,,,USD,us_market,NAS
RUCXX,,,USD,us_market,NAS
RUEXX,,,USD,us_market,NAS
RUFXX,,,USD,us_market,NAS
RUGXX,,,USD,us_market,NAS
RUTXX,,,USD,us_market,NAS
RUUXX,,,USD,us_market,NAS
RVAXX,,,USD,us_market,NAS
RVFXX,,,USD,us_market,NAS
RVRXX,Columbia Money Market Fund,Columbia Funds Series Trust II,USD,us_market,NAS
RVTXX,,,USD,us_market,NAS
RVUXX,,,USD,us_market,NAS
RXTXX,,,USD,us_market,NAS
RYFXX,U.S. Government Money Market Fund,Rydex Series Funds,USD,us_market,NAS
RYOXX,,,USD,us_market,NAS
SAEXX,State Street Institutional Treasury Plus Money Market,State Street Institutional Investment Trust,USD,us_market,NAS
SAHXX,State Street Institutional U.S. Government Money Market Fund,,USD,us_market,NAS
SAJXX,State Street Institutional Treasury Plus Money Market,State Street Institutional Investment Trust,USD,us_market,NAS
SALXX,State Street U.S. Government Money Market Portfolio,State Street Master Funds,USD,us_market,NAS
SAMXX,State Street U.S. Government Money Market Portfolio,State Street Master Funds,USD,us_market,NAS
SAPXX,,,USD,us_market,NAS
SATXX,,,USD,us_market,NAS
SCFXX,,,USD,us_market,NAS
SCIXX,DWS Tax-Exempt Portfolio,Cash Account Trust,USD,us_market,NAS
SCNXX,Invesco STIC Prime Portfolio,Short-Term Investment Trust,USD,us_market,NAS
SCPXX,Treasury II Fund,SEI Daily Income Trust,USD,us_market,NAS
SCYXX,,,USD,us_market,NAS
SEGXX,UBS Select Government Preferred Fund,UBS Series Funds,USD,us_market,NAS
SEIXX,UBS Select ESG Prime Investor Fund,,USD,us_market,NAS
SELXX,UBS (Cay) Select Prime Institutional Fund Ltd.,,USD,us_market,NAS
SEOXX,Government Fund,SEI Daily Income Trust,USD,us_market,NAS
SETXX,UBS (Cayman) Select Treasury Institutional Fund,,USD,us_market,NAS
SFPXX,UBS Select Tax-Free Preferred Fund,UBS Select Tax-Free Preferred Fund,USD,us_market,NAS
SFRXX,UBS Select Tax-Free Investor Fund,UBS Select Tax-Free Investor Fund,USD,us_market,NAS
SGEXX,UBS Select Government Preferred Fund,UBS Series Funds,USD,us_market,NAS
SGIXX,ESG Prime Institutional Fund,UBS Series Funds,USD,us_market,NAS
SGPXX,UBS Select Government Preferred Fund,UBS Series Funds,USD,us_market,NAS
SHIXX,Heritage Money Market Fund,Wells Fargo Funds Trust,USD,us_market,NAS
SHMXX,Heritage Money Market Fund,Wells Fargo Funds Trust,USD,us_market,NAS
SJGXX,JPMorgan U.S. Government Money Market Fund,JPMorgan Trust II,USD,us_market,NAS
SJMXX,JPMorgan Municipal Money Market Fund,JPMorgan Trust II,USD,us_market,NAS
SMAXX,SunAmerica Money Market Fund,"SunAmerica Money Market Funds, Inc.",USD,us_market,NAS
SMBXX,,,USD,us_market,NAS
SMCXX,Columbia Government Money Market Fund,Columbia Funds Series Trust II ,USD,us_market,NAS
SNAXX,Schwab Value Advantage Money Fund,The Charles Schwab Family of Funds,USD,us_market,NAS
SNBKZ.SW,SNB INDI KASSAZ 10J,,CHF,ch_market,EBS
SNIXX,,,USD,us_market,NAS
SNOXX,Schwab Treasury Obligations Money Fund,Charles Schwab Family of Funds,USD,us_market,NAS
SNRXX,Retirment Government Money Fund,Schwab Charles Family Funds,USD,us_market,NAS
SNSXX,Schwab U.S. Treasury Money Fund,The Charles Schwab Family of Funds,USD,us_market,NAS
SNVXX,Government Money Fund,Schwab Charles Family Funds,USD,us_market,NAS
SOND.SW,SNB SONDERSATZ,,CHF,ch_market,EBS
SPAXX,Fidelity Government Money Market Fund,Fidelity Hereford Street Trust,USD,us_market,NAS
SPEXX,Invesco STIC Prime Portfolio,Short-Term Investment Trust,USD,us_market,NAS
SPIXX,UBS Select Prime Investor Fund,,USD,us_market,NAS
SPPXX,"UBS (Cay) Select Prime Preferred Fund, Ltd.",,USD,us_market,NAS
SPRXX,Fidelity Money Market Fund,Fidelity Hereford Street Trust,USD,us_market,NAS
SPSXX,Invesco STIC Prime Portfolio,Short-Term Investment Trust,USD,us_market,NAS
SPVXX,Invesco STIC Prime Portfolio,Short-Term Investment Trust,USD,us_market,NAS
SQFXX,,,USD,us_market,NAS
SQIXX,,,USD,us_market,NAS
SQTXX,,,USD,us_market,NAS
SRIXX,Invesco STIC Prime Portfolio,Short-Term Investment Trust,USD,us_market,NAS
SRMXX,,,USD,us_market,NAS
SRSXX,Invesco STIC Prime Portfolio,Short-Term Investment Trust,USD,us_market,NAS
SSCXX,Invesco STIC Prime Portfolio,Short-Term Investment Trust,USD,us_market,NAS
SSHXX,State Street Institutional Liquid Reserves Fund,,USD,us_market,NAS
SSIXX,State Street Institutional Liquid Reserves Fund,,USD,us_market,NAS
SSJXX,State Street Institutional Investment Trust- Treasury Money Market Fund,State Street Institutional Investment Trust- Treasury Money Market Fund,USD,us_market,NAS
SSKXX,State Street Institutional Tax Free Money Market Fund,State Street Institutional Investment Trust,USD,us_market,NAS
SSNXX,State Street Institutional Tax Free Money Market Fund,State Street Institutional Investment Trust,USD,us_market,NAS
SSOXX,State Street U.S. Government Money Market Portfolio,State Street Master Funds,USD,us_market,NAS
SSPXX,ESG Prime Preferred Fund,UBS Series Funds,USD,us_market,NAS
SSQXX,State Street Institutional Treasury Plus Money Market,State Street Institutional Investment Trust,USD,us_market,NAS
SSVXX,State Street Institutional Liquid Reserves Fund,,USD,us_market,NAS
SSYXX,State Street Institutional Liquid Reserves Fund,,USD,us_market,NAS
SSZXX,State Street Institutional Liquid Reserves Fund,,USD,us_market,NAS
STFXX,UBS Select Tax-Free Institutional Fund,UBS Select Tax-Free Institutional Fund,USD,us_market,NAS
STGXX,Money Market Fund,Wells Fargo Funds Trust,USD,us_market,NAS
STLXX,Munder Series Trust Liquidity Money Market Fund,,USD,us_market,NAS
STPXX,UBS Select Treasury Preferred Fund,UBS Money Series,USD,us_market,NAS
STRXX,UBS Select Treasury Investor Fund,,USD,us_market,NAS
STTXX,,,USD,us_market,NAS
STUXX,,,USD,us_market,NAS
SUBXX,,,USD,us_market,NAS
SUIXX,,,USD,us_market,NAS
SVUXX,Schwab Variable Share Price Money Fund,The Charles Schwab Family Of Funds,USD,us_market,NAS
SWGXX,Government Money Fund,Schwab Charles Family Funds,USD,us_market,NAS
SWKXX,Schwab California Municipal Money Fund,The Charles Schwab Family of Funds,USD,us_market,NAS
SWOXX,Schwab Municipal Money Fund,The Charles Schwab Family of Funds,USD,us_market,NAS
SWTXX,Schwab Municipal Money Fund,The Charles Schwab Family of Funds,USD,us_market,NAS
SWVXX,Schwab Value Advantage Money Fund,The Charles Schwab Family of Funds,USD,us_market,NAS
SWWXX,Schwab AMT Tax-Free Money Fund,The Charles Schwab Family of Funds,USD,us_market,NAS
SWYXX,Schwab New York Municipal Money Fund,The Charles Schwab Family of Funds,USD,us_market,NAS
TACXX,Invesco Treasury Obligations Portfolio,Short-Term Investment Trust,USD,us_market,NAS
TAQXX,State Street Institutional Investment Trust -Treasury Obligations Money Market Fund,State Street Institutional Investment Trust -Treasury Obligations Money Market Fund,USD,us_market,NAS
TBIXX,Federated Tax-Free Obligations Fund,Money Market Obligations Trust,USD,us_market,NAS
TBSXX,Federated Tax-Free Obligations Fund,Money Market Obligations Trust,USD,us_market,NAS
TBVXX,Federated Tax-Free Obligations Fund,Money Market Obligations Trust,USD,us_market,NAS
TCBXX,T. Rowe Price California Tax-Free Money Fund,T. Rowe Price California Tax-Free Income Trust,USD,us_market,NAS
TCDXX,TempCash,BlackRock Liquidity Funds,USD,us_market,NAS
TCGXX,Government II Fund,SEI Daily Income Trust,USD,us_market,NAS
TCIXX,TIAA-CREF Money Market Fund,TIAA-CREF Funds,USD,us_market,NAS
TCPXX,Prime Obligation Fund,SEI Daily Income Trust,USD,us_market,NAS
TCRXX,Premium Money Market Fund,American Century Investment Trust,USD,us_market,NAS
TCSXX,Federated Trust for U.S. Treasury Obligations,Money Market Obligations Trust,USD,us_market,NAS
TDDXX,FedFund,BlackRock Liquidity Funds,USD,us_market,NAS
TDOXX,TempFund,BlackRock Liquidity Funds,USD,us_market,NAS
TEAXX,,,USD,us_market,NAS
TERXX,"T. Rowe Price Tax-Exempt Money Fund, Inc.","T. Rowe Price Tax-Exempt Money Fund, Inc.",USD,us_market,NAS
TFCXX,Bear Stearns Premier Choice Fund,BlackRock Liquidity Funds,USD,us_market,NAS
TFDXX,FedFund,BlackRock Liquidity Funds,USD,us_market,NAS
TFEXX,T-Fund,BlackRock Liquidity Funds,USD,us_market,NAS
TFFXX,Federal Trust Fund,BlackRock Liquidity Funds,USD,us_market,NAS
TFOXX,Invesco Tax-Free Cash Reserve Portfolio,Short-Term Investment Trust,USD,us_market,NAS
TFPXX,Invesco Tax-Free Cash Reserve Portfolio,Short-Term Investment Trust,USD,us_market,NAS
TFRXX,,,USD,us_market,NAS
THMXX,,,USD,us_market,NAS
TIEXX,TIAA-CREF Money Market Fund,TIAA-CREF Funds,USD,us_market,NAS
TILXX,International Liquid Reserves Fund,State Street Institutional Investment Trust,USD,us_market,NAS
TIMXX,U.S. Government Money Market Fund,RBC Funds Trust,USD,us_market,NAS
TIPXX,Tamarack Institutional Prime Money Market Fund,Tamarack Funds Trust,USD,us_market,NAS
TIRXX,TIAA-CREF Money Market Fund,TIAA-CREF Funds,USD,us_market,NAS
TISXX,Federated Hermes U.S. Treasury Cash Reserves,Money Market Obligations Trust,USD,us_market,NAS
TITXX,RBC Institutional Tax-Free Money Market Fund,RBC Funds Trust,USD,us_market,NAS
TMBXX,,,USD,us_market,NAS
TMCXX,TempCash,BlackRock Liquidity Funds,USD,us_market,NAS
TMDXX,T. Rowe Price Maryland Tax-Free Money Fund,T. Rowe Price State Tax-Free Income Trust,USD,us_market,NAS
TMHXX,Money Market Fund,TIAA-CREF Life Funds,USD,us_market,NAS
TMPXX,TempFund,BlackRock Liquidity Funds,USD,us_market,NAS
TOAXX,Federated Treasury Obligations Fund,Money Market Obligations Trust,USD,us_market,NAS
TOCXX,Federated Treasury Obligations Fund,Money Market Obligations Trust,USD,us_market,NAS
TOIXX,Federated Treasury Obligations Fund,Money Market Obligations Trust,USD,us_market,NAS
TOSXX,Federated Treasury Obligations Fund,Money Market Obligations Trust,USD,us_market,NAS
TOTXX,Federated Treasury Obligations Fund,Money Market Obligations Trust,USD,us_market,NAS
TPFXX,Invesco Treasury Portfolio,Short-Term Investment Trust,USD,us_market,NAS
TPIXX,State Street Institutional Treasury Plus Money Market,State Street Institutional Investment Trust,USD,us_market,NAS
TPLXX,International Treasure Plus Money Market Fund,State Street Institutional Investment Trust,USD,us_market,NAS
TPPXX,TIAA-CREF Money Market Fund,TIAA-CREF Funds,USD,us_market,NAS
TPTXX,Treasury Trust Fund,BlackRock Liquidity Funds,USD,us_market,NAS
TPVXX,State Street Institutional Treasury Plus Money Market,State Street Institutional Investment Trust,USD,us_market,NAS
TRCXX,Invesco Tax-Free Cash Reserve Portfolio,Short-Term Investment Trust,USD,us_market,NAS
TRGXX,T. Rowe Price U.S. Treasury Money Fund,"T. Rowe Price U.S. Treasury Funds, Inc.",USD,us_market,NAS
TRIXX,Treasury Fund,State Street Institutional Investment Trust,USD,us_market,NAS
TRLXX,,,USD,us_market,NAS
TRNXX,T. Rowe Price New York Tax-Free Money Fund,T. Rowe Price State Tax-Free Income Trust,USD,us_market,NAS
TRPXX,Invesco Treasury Portfolio,Short-Term Investment Trust,USD,us_market,NAS
TRRXX,,,USD,us_market,NAS
TRVXX,Treasury Fund,State Street Institutional Investment Trust,USD,us_market,NAS
TRZXX,T. Rowe Price U.S. Treasury Money Fund,"T. Rowe Price U.S. Treasury Funds, Inc.",USD,us_market,NAS
TSCXX,T. Rowe Price Summit Cash Reserves Fund,"T. Rowe Price Summit Funds, Inc.",USD,us_market,NAS
TSDXX,Federal Trust Fund,BlackRock Liquidity Funds,USD,us_market,NAS
TSGXX,,,USD,us_market,NAS
TSLXX,Treasury Trust Fund,BlackRock Liquidity Funds,USD,us_market,NAS
TSPXX,Invesco Treasury Obligations Portfolio,Short-Term Investment Trust,USD,us_market,NAS
TSTXX,T-Fund,BlackRock Liquidity Funds,USD,us_market,NAS
TTAXX,,,USD,us_market,NAS
TTDXX,Treasury Trust Fund,BlackRock Liquidity Funds,USD,us_market,NAS
TTGXX,Government Money Fund,T Rowe Price Government Money Funds Inc,USD,us_market,NAS
TTIXX,Federated Trust for U.S. Treasury Obligations,Money Market Obligations Trust,USD,us_market,NAS
TTOXX,Federated Trust for U.S. Treasury Obligations,Money Market Obligations Trust,USD,us_market,NAS
TTTXX,Treasury Trust Fund,BlackRock Liquidity Funds,USD,us_market,NAS
TUGXX,U.S. Government Money Market Fund,RBC Funds Trust,USD,us_market,NAS
TUIXX,U.S. Government Money Market Fund,RBC Funds Trust,USD,us_market,NAS
TWNXX,T. Rowe Price Maryland Tax-Free Money Fund,T. Rowe Price State Tax-Free Income Trust,USD,us_market,NAS
TXMXX,DWS Tax-Exempt Portfolio,Cash Account Trust,USD,us_market,NAS
TXPXX,Invesco Treasury Obligations Portfolio,Short-Term Investment Trust,USD,us_market,NAS
TYCXX,Invesco Treasury Portfolio,Short-Term Investment Trust,USD,us_market,NAS
UCMXX,,,USD,us_market,NAS
UFAXX,,,USD,us_market,NAS
UFGXX,,,USD,us_market,NAS
UFXXX,,,USD,us_market,NAS
UMFXX,,,USD,us_market,NAS
UMGXX,,,USD,us_market,NAS
UMPXX,,,USD,us_market,NAS
UMQXX,,,USD,us_market,NAS
UMRXAU.SW,GOLD1UZCHF,,CHF,ch_market,EBS
UMTXX,,,USD,us_market,NAS
UMUXX,,,USD,us_market,NAS
UPIXX,UBS Select Prime Investor Fund,,USD,us_market,NAS
UPPXX,UBS Select Prime Preferred Fund,,USD,us_market,NAS
UPRXX,Prime Reserve  Fund,Ubs Money Series,USD,us_market,NAS
USEXX,USAA Tax Exempt Money Market Fund,USAA Mutual Funds Trust,USD,us_market,NAS
USGXX,American Freedom U.S. Government Money Market Fund,,USD,us_market,NAS
UTAXX,,,USD,us_market,NAS
UTIXX,Federated Hermes U.S. Treasury Cash Reserves,Money Market Obligations Trust,USD,us_market,NAS
UTSXX,The United States Treasury Trust,Shelton Funds,USD,us_market,NAS
VAMXX,,,USD,us_market,NAS
VCAXX,JPMorgan California Municipal Money Market Fund,JPMorgan Trust I,USD,us_market,NAS
VCIXX,Government Money Market I Fund,VALIC Company I,USD,us_market,NAS
VETXX,Goldman Sachs Financial Square Government Fund,Goldman Sachs Trust,USD,us_market,NAS
VFIXX,JPMorgan Federal Money Market Fund,JPMorgan Trust I,USD,us_market,NAS
VFPXX,JPMorgan Federal Money Market Fund,JPMorgan Trust I,USD,us_market,NAS
VFVXX,JPMorgan Federal Money Market Fund,JPMorgan Trust I,USD,us_market,NAS
VHPXX,JPMorgan 100% U.S. Treasury Securities Money Market Fund,JPMorgan Trust I,USD,us_market,NAS
VIIXX,Money Market II Fund,VALIC Company II,USD,us_market,NAS
VMIXX,JPMorgan Prime Money Market Fund,JPMorgan Trust I,USD,us_market,NAS
VMPXX,,,USD,us_market,NAS
VMVXX,JPMorgan Prime Money Market Fund,JPMorgan Trust I,USD,us_market,NAS
VNEXX,,,USD,us_market,NAS
VNYXX,JPMorgan New York Municipal Money Market Fund,JPMorgan Trust I,USD,us_market,NAS
VPIXX,JPMorgan 100% U.S. Treasury Securities Money Market Fund,JPMorgan Trust I,USD,us_market,NAS
VPMXX,JPMorgan Prime Money Market Fund,JPMorgan Trust I,USD,us_market,NAS
VSLXX,JPMorgan Securities Lending Money Market Fund,JPMorgan Trust IV,USD,us_market,NAS
VTFXX,,,USD,us_market,NAS
VTIXX,JPMorgan Tax Free Money Market Fund,JPMorgan Trust I,USD,us_market,NAS
VTMXX,JPMorgan Tax Free Money Market Fund,JPMorgan Trust I,USD,us_market,NAS
VTNXX,Goldman Sachs Financial Square Prime Obligations Fund,Goldman Sachs Trust,USD,us_market,NAS
VXPXX,JPMorgan Tax Free Money Market Fund,JPMorgan Trust I,USD,us_market,NAS
VYAXX,"Government Money Market Fund, Series II",Voya Funds Trust,USD,us_market,NAS
VYBXX,"Government Money Market Fund, Series II",Voya Funds Trust,USD,us_market,NAS
VYCXX,"Government Money Market Fund, Series II",Voya Funds Trust,USD,us_market,NAS
VYGXX,"Government Money Market Fund, Series II",Voya Funds Trust,USD,us_market,NAS
WCGXX,U.S. Government Select Portfolio,Northern Institutional Funds,USD,us_market,NAS
WEOXX,,,USD,us_market,NAS
WFAXX,Cash Investment Money Market Fund,Wells Fargo Funds Trust,USD,us_market,NAS
WFFXX,Government Money Market Fund,Wells Fargo Funds Trust,USD,us_market,NAS
WFGXX,Government Money Market Fund,Wells Fargo Funds Trust,USD,us_market,NAS
WFIXX,Cash Investment Money Market Fund,Wells Fargo Funds Trust,USD,us_market,NAS
WFJXX,Heritage Money Market Fund,Wells Fargo Funds Trust,USD,us_market,NAS
WFMXX,,,USD,us_market,NAS
WFNXX,National Tax-Free Money Market Fund,Wells Fargo Funds Trust,USD,us_market,NAS
WFQXX,Cash Investment Money Market Fund,Wells Fargo Funds Trust,USD,us_market,NAS
WFTXX,100% Treasury Money Market Fund,Wells Fargo Funds Trust,USD,us_market,NAS
WGAXX,Government Money Market Fund,Wells Fargo Funds Trust,USD,us_market,NAS
WHTXX,Heritage Money Market Fund,Wells Fargo Funds Trust,USD,us_market,NAS
WMOXX,Money Market Fund,Wells Fargo Funds Trust,USD,us_market,NAS
WMPXX,Money Market Fund,Wells Fargo Funds Trust,USD,us_market,NAS
WNTXX,National Tax-Free Money Market Fund,Wells Fargo Funds Trust,USD,us_market,NAS
WOTXX,100% Treasury Money Market Fund,Wells Fargo Funds Trust,USD,us_market,NAS
WRAXX,Ivy Government Money Market Fund,Ivy Funds,USD,us_market,NAS
WRBXX,Ivy Government Money Market Fun,,USD,us_market,NAS
WRCXX,Ivy Government Money Market Fund,Ivy Funds,USD,us_market,NAS
WRNXX,Ivy Government Money Market Fund,Ivy Funds,USD,us_market,NAS
WTLXX,Treasury Plus Money Market Fund,Wells Fargo Funds Trust,USD,us_market,NAS
WTPXX,Treasury Plus Money Market Fund,Wells Fargo Funds Trust,USD,us_market,NAS
WTRXX,100% Treasury Money Market Fund,Wells Fargo Funds Trust,USD,us_market,NAS
WUCXX,Municipal Cash Management Money Market Fund,Wells Fargo Advantage Money Market Funds,USD,us_market,NAS
